#File written by RizomUV 2025.0.117.g4c8bab02. Compilation :Mar 23 2026,14:08:01
mtllib toRizomUV.mtl
#begin vertices
v 0.343157 15.88608 0.787224
v 0.343157 15.95728 0.678409
v 0.215679 15.90455 0.679555
v 0.267318 15.85465 0.787905
v 0.162886 15.77505 0.682307
v 0.235899 15.77887 0.789549
v 0.21568 15.64779 0.68507
v 0.267318 15.70321 0.791184
v 0.343157 15.59506 0.686215
v 0.343157 15.67179 0.791865
v 0.470624 15.64778 0.68507
v 0.418997 15.70321 0.791184
v 0.523438 15.77505 0.682307
v 0.450408 15.77887 0.789549
v 0.470623 15.90455 0.679555
v 0.418997 15.85465 0.787905
v 0.343158 15.77887 0.83396
v 0 15.7687 0.982898
v 0 15.70769 1.026706
v -3e-06 15.52773 1.147763
v -5e-06 15.44419 1.212733
v -8e-06 15.36478 1.207628
v -9e-06 15.32995 1.14691
v -1e-05 15.30338 1.052883
v -1.3e-05 15.19167 1.063387
v -1.3e-05 15.11322 1.083547
v -0.000382 15.09372 1.056458
v -8e-06 14.71007 1.000736
v -6e-06 14.65893 0.897228
v -5e-06 14.63193 0.555529
v -4e-06 14.85082 -0.695281
v -3e-06 15.18181 -0.862695
v -1e-06 15.39597 -0.886377
v 0 15.72022 -0.988903
v -1e-06 15.92607 1.00123
v -1.3e-05 14.97844 1.020274
v -0.001037 15.07301 1.074083
v -1e-05 15.3207 1.069096
v -1.2e-05 14.80543 1.02131
v -1.3e-05 14.94199 1.005036
v -1e-06 15.81489 0.978316
v -2e-06 14.56239 0.465032
v -0.000382 15.0945 1.057164
v 0 13.88774 0.353024
v -3e-06 14.77121 -0.646285
v 0 14.43612 0.411152
v 0 14.25553 0.413993
v -1.3e-05 15.15325 1.035416
v -1.3e-05 15.0411 1.017167
v 0.01226 15.12271 0.48744
v 0 17.0197 0.505906
v 0 16.8282 0.83087
v 0 16.95398 -0.133846
v 0 16.86013 -0.410638
v 0 17.01384 0.195224
v 0 16.70154 -0.722529
v 0 16.40908 -0.948597
v 0 16.49737 0.935875
v 0 16.0884 -1.022289
v -1e-06 16.04585 0.96185
v 0 16.38709 0.894161
v 0 16.204 0.961332
v 0.282111 15.71613 0.81937
v 0.049316 15.69988 1.005955
v 0.047201 15.76643 0.9677
v 0.046822 15.37518 1.184469
v 0.055204 15.44348 1.192585
v 0.04585 15.33598 1.138607
v 0.093709 15.64887 0.941906
v 0.096243 15.71851 0.887073
v 0.044402 15.51801 1.124831
v 0.092797 15.49259 1.060325
v 0.084621 15.34979 1.080651
v 0.138508 15.32209 1.024606
v 0.165658 15.39134 1.022249
v 0.10366 15.38401 1.085424
v 0.144494 15.3163 0.968341
v 0.062074 15.31202 1.035889
v 0.068669 15.12828 1.077469
v 0.064672 15.21734 1.065815
v 0.072535 15.10562 1.049015
v 0.140154 15.11871 1.03376
v 0.129727 15.09751 1.013673
v 0.266601 15.07556 0.931986
v 0.2125 15.09304 0.975411
v 0.199948 15.08837 0.962381
v 0.242807 15.0768 0.939604
v 0.146727 15.19283 1.023988
v 0.347796 15.82827 0.839822
v 0.347911 15.85736 0.82918
v 0.241648 15.84405 0.8167
v 0.262418 15.80619 0.819302
v 0.433218 15.84107 0.799101
v 0.419917 15.81093 0.81866
v 0.488952 15.74638 0.729119
v 0.511989 15.74071 0.691942
v 0.192679 15.73674 0.781769
v 0.186144 15.69849 0.811065
v 0.281343 15.68783 0.817897
v 0.142909 14.66314 0.889137
v 0.142657 14.71726 0.977827
v 0.137184 14.6395 0.544522
v 0.264802 14.76145 0.850811
v 0.275216 14.71047 0.758681
v 0.387219 15.96226 0.913857
v 0.156076 15.92319 1.009014
v 0.224775 15.85947 0.906394
v 0.364885 15.88193 0.889355
v 0.559843 15.73188 0.655286
v 0.479737 15.85845 0.817037
v 0.27763 15.62858 0.851254
v 0.265272 15.54165 0.885575
v 0.159143 15.58396 0.916223
v 0.135572 15.50851 0.948249
v 0.381976 15.67225 0.806729
v 0.583233 15.35891 0.67654
v 0.611787 15.5368 0.680951
v 0.42058 15.51551 0.847664
v 0.449506 15.36076 0.831339
v 0.177068 15.37193 0.940129
v 0.409782 15.18635 -0.740567
v 0.364335 14.84318 -0.586409
v 0.453485 15.41292 -0.761353
v 0.477911 15.73671 -0.854818
v 0.611681 15.03544 0.019069
v 0.371312 14.74908 0.609793
v 0.737891 15.46759 -0.508434
v 0.794933 15.77405 -0.586172
v 0.733444 15.59634 -0.21316
v 0.696513 15.36391 -0.153378
v 0.796539 15.89984 0.001853
v 0.764177 15.76781 -0.001343
v 0.757745 15.70718 -0.191027
v 0.691757 15.36003 0.199787
v 0.783685 15.81939 -0.078347
v 0.835751 15.84919 -0.22977
v 0.15953 16.04401 0.959878
v 0.38291 16.06994 0.855938
v 0.242489 15.07483 0.937143
v 0.249343 15.06241 0.93547
v 0.088486 14.97182 1.004452
v 0.077006 15.07199 1.065214
v 0.69177 15.30166 0.099164
v 0.145868 15.74176 0.80175
v 0.154995 15.79935 0.802028
v 0.100816 15.80057 0.888945
v 0.547696 15.93053 0.791322
v 0.604121 15.72252 0.594219
v 0.128902 15.49461 1.005869
v 0.106541 15.43123 1.088686
v 0.167767 15.66605 0.859538
v 0.40453 15.61692 0.827577
v 0.691646 15.5389 0.455965
v 0.064455 15.33755 1.038452
v 0.157833 15.44095 1.022347
v 0.173816 15.44607 0.925923
v 0.661865 15.71902 0.470079
v 0.555251 16.04048 0.729037
v 0.133547 14.79712 0.996321
v 0.113921 14.93756 0.983321
v 0.277106 15.03972 0.906849
v 0.208518 14.99089 0.954789
v 0.223419 14.95063 0.935936
v 0.314728 15.0079 0.872074
v 0.382743 14.9421 0.770481
v 0.391935 14.83467 0.673068
v 0.377535 15.702 0.813844
v 0.268006 14.69543 0.507717
v 0.251396 14.84271 0.898255
v 0.533895 14.86207 -0.378892
v 0.399795 15.15607 0.821965
v 0.048465 15.81737 0.961095
v 0.642817 15.34676 0.452046
v 0.72639 15.47758 0.069775
v 0.735259 15.65725 0.049272
v 0.230077 15.14929 0.958041
v 0.205428 15.06192 0.975854
v 0.136149 14.58933 0.410522
v 0.645629 15.0323 0.19317
v 0.298481 15.08037 0.89882
v 0.330488 15.10662 0.876647
v 0.20643 15.08589 0.962221
v 0.073546 15.10292 1.037966
v 0.473625 14.012 0.113879
v 0.191439 13.94382 0.324697
v 0.119461 14.49613 0.308006
v 0.25131 14.52073 0.243804
v 0.383891 14.5929 0.130861
v 0.365663 14.76001 -0.551801
v 0.568736 14.68038 -0.180459
v 0.53237 14.72914 -0.401714
v 0.46554 14.6083 0.085174
v 0.196122 15.13071 0.945069
v 0.273001 15.0562 0.855239
v 0.178484 14.99548 0.933408
v 0.191301 15.07103 0.611539
v 0.242716 16.81751 0.789238
v 0.238022 16.98395 0.519937
v 0.292272 16.83273 -0.388437
v 0.272363 16.90623 -0.110887
v 0.536679 16.74595 0.613762
v 0.695485 16.70249 0.369494
v 0.258914 16.98295 0.222031
v 0.329255 16.69143 -0.689472
v 0.409878 16.4089 -0.868865
v 0.220124 16.50265 0.917008
v 0.476485 16.53076 0.735534
v 0.662848 16.50252 0.43002
v 0.875499 16.2123 -0.003615
v 0.884921 16.16379 -0.267826
v 0.822623 16.11276 -0.629342
v 0.474548 16.09782 -0.910215
v 0.821032 16.60875 -0.020125
v 0.838235 16.51316 -0.332363
v 0.750076 16.41494 -0.661066
v 0.732177 15.27292 -0.009054
v 0.764377 15.28181 -0.009076
v 0.855211 15.61457 -0.263591
v 0.886221 15.60409 -0.248929
v 0.826685 15.40577 -0.196089
v 0.800056 15.40432 -0.21485
v 0.813128 15.60013 -0.128057
v 0.804061 15.48528 -0.10941
v 0.81147 15.81752 -0.070774
v 0.869252 15.81903 -0.172388
v 0.838913 15.82456 -0.193878
v 0.343257 15.73827 0.651056
v 0.59681 15.05434 -0.149713
v 0.608148 15.11233 0.41714
v 0.604187 14.94797 0.183633
v 0.551816 14.90766 0.131379
v 0.642272 15.16532 0.016265
v 0.476007 15.77707 0.774048
v 0.499072 15.78767 0.740623
v 0.548353 15.79734 0.719114
v 0.608684 15.83592 0.658612
v 0.627697 15.91154 0.545441
v 0.728303 15.8853 0.259928
v 0.330467 15.31598 0.88424
v 0.254728 15.22806 0.916561
v 0.514255 15.65274 0.746755
v 0.464251 15.68152 0.765449
v 0.457233 15.713 0.777891
v 0.436118 14.80386 0.232829
v 0.546907 14.86482 0.32442
v 0.593875 14.96483 0.383201
v 0.534504 14.91468 0.48872
v 0.499188 14.81015 0.425492
v 0.524229 15.08074 0.543703
v 0.19969 16.39397 0.870484
v 0.421152 16.4204 0.737554
v 0.564193 16.41669 0.503266
v 0.672955 15.90283 0.334748
v 0.67259 16.20265 0.348204
v 0.766555 16.20154 0.265378
v 0.461074 16.89172 0.567629
v 0.544629 16.88933 0.28496
v 0.588761 16.81566 -0.059385
v 0.600988 16.71501 -0.366886
v 0.54831 16.58912 -0.659549
v 0.386438 16.78647 0.726559
v 0.364919 14.75454 0.301478
v 0.218428 15.76219 0.791696
v 0.738361 16.37715 0.331344
v 0.621829 16.32032 0.398595
v 0.618275 16.07978 0.47287
v 0.564127 16.16645 0.632608
v 0.406769 16.22399 0.793892
v 0.173222 16.20976 0.941729
v 0.195442 15.72631 0.78243
v 0.663232 15.97897 0.349195
v 0.729702 15.95596 0.272434
v 0.723605 15.69749 0.195743
v 0.729796 15.51121 0.183773
v 0.668855 15.13738 0.199069
v 1.025148 13.92977 0.184846
v 0.613314 14.20185 -0.187085
v 0 13.78251 0.465854
v 0.191845 13.84241 0.454559
v 0.465279 14.39053 -0.763973
v 0 14.35802 -0.846819
v 0.671196 14.40127 -0.439913
v 0 15.59717 1.09437
v 0.047102 15.58927 1.070116
v 0.089992 15.55349 1.001339
v -0.000404 15.00197 1.065849
v 0.082867 15.00299 1.053624
v 0.202554 15.02487 0.971511
v 0.263023 15.0505 0.920292
v 0.280943 15.07747 0.916001
v 0.221955 15.11227 0.970721
v 0.145042 15.16065 1.044583
v 0.06769 15.1786 1.095691
v -0.000192 15.17031 1.099638
v -1e-06 15.57304 1.11292
v 0.046206 15.56562 1.088274
v 0.090734 15.53548 1.015839
v 0.129318 15.49734 0.966128
v 0.170222 15.44212 0.946193
v 0.176255 15.37309 0.915243
v 0.144796 15.31101 0.958709
v 0.061956 15.28938 1.034613
v -1.1e-05 15.25846 1.051021
v 0.283403 15.27639 0.889743
v 0.363683 15.13303 0.84933
v 0.349393 14.98366 0.826551
v 0.24269 14.89971 0.90884
v 0.13018 14.87169 1.003503
v -1.2e-05 14.88661 1.024003
v 0.210657 15.47102 0.919855
v 0.147687 15.53842 0.937544
v 0.091965 15.59078 0.979811
v 0.048209 15.63201 1.047474
v 0 15.65076 1.063748
v 0.268564 15.40736 0.900507
v 0.459139 15.19621 0.758068
v 0.455504 15.03642 0.675188
v 0.46859 14.87554 0.582465
v 0.440449 14.77731 0.515385
v 0.283666 14.69893 0.381891
v 0.546323 15.22283 0.60471
v 0.613809 15.2281 0.434593
v 0.682449 15.23978 0.199385
v 0.677687 15.24862 0.06818
v 0.745594 15.65176 -0.202094
v 0.8576 15.76163 -0.256189
v 0.888088 15.76018 -0.236514
v 0.826671 15.74183 -0.13083
v 0.776221 15.69579 -0.055384
v 0.764771 15.6407 -0.026745
v 0.752234 15.47321 0.00556
v 0.747695 15.36042 0.033406
v 0.775633 15.34198 -0.005873
v 0.826677 15.71481 -0.322721
v 0.785482 15.5221 -0.317749
v 0.643586 15.2505 -0.430014
v -4e-06 14.96173 -0.912061
v 0.364193 14.96294 -0.768951
v 0.580778 14.99954 -0.40137
v 0.679422 15.09575 -0.266271
v 0.736226 15.3025 -0.254619
v 0.589273 15.07984 -0.231318
v 0.658518 15.32205 -0.204165
v 0.716264 15.54885 -0.250878
v 0.762684 15.71606 -0.243511
v 0.802879 15.8364 -0.066128
v 0.567408 14.90903 -0.392255
v 0.366567 14.86445 -0.698914
v -4e-06 14.85631 -0.783965
v 0.808602 15.92336 -0.620658
v 0.480437 15.90169 -0.894741
v 0.770237 15.78388 0.017523
v 0.713832 15.69957 0.222359
v 0.593446 14.95952 -0.283179
v 0.629839 14.96692 -0.323649
v 0.622629 15.03416 0.070768
v 0.649908 15.153 0.062401
v 0.664089 15.25537 0.029737
v 1.406187 13.89272 0.109397
v 1.474391 14.00598 -0.305634
v 0 12.83839 1.016359
v 0.310662 12.85178 0.964445
v 0 13.84725 -1.044023
v 0.8941 14.10952 -0.912974
v 1.423486 14.06149 -0.506012
v 0.122853 12.842 1.005717
v 0.064189 13.80265 0.468228
v 0.12426 13.89025 0.402402
v 0.198779 13.91036 0.395853
v 0.340668 13.96771 0.239947
v 0.403051 13.87666 0.344932
v 0.785945 13.05511 0.828632
v 0.365558 13.9312 0.30481
v 1.436052 13.9313 0.040991
v 1.029712 13.96949 0.131234
v 0.887968 14.0983 -0.241857
v 0.947067 14.23377 -0.46757
v 0.673874 14.22307 -0.85861
v 0 14.00695 -0.982367
v 0.906702 14.00809 0.012275
v 1.462621 13.96259 -0.181957
v 0.601984 13.97415 0.230552
v 0.635821 13.93312 0.265575
v 1.015702 13.27223 0.585391
v 1.263375 13.66579 0.283483
v 0.719346 13.82851 0.357359
v 0.464424 13.77588 0.441194
v 0.217672 13.72541 0.547333
v 0.0803 13.674 0.578444
v 0 13.65655 0.579964
v -0.342793 15.88607 0.787295
v -0.342818 15.95727 0.67848
v -0.215338 15.90455 0.679599
v -0.266953 15.85465 0.78796
v -0.16254 15.77505 0.68234
v -0.235531 15.77886 0.789598
v -0.215329 15.64778 0.685114
v -0.266947 15.7032 0.791239
v -0.342804 15.59504 0.686286
v -0.342784 15.67178 0.791936
v -0.470273 15.64776 0.685167
v -0.418626 15.7032 0.79127
v -0.523092 15.77503 0.682415
v -0.45004 15.77885 0.789642
v -0.470282 15.90454 0.679652
v -0.418632 15.85464 0.787991
v -0.34278 15.77886 0.834031
v -0.281734 15.71612 0.819428
v -0.0489 15.69988 1.005965
v -0.046796 15.76643 0.96771
v -0.046358 15.37517 1.184479
v -0.054741 15.44348 1.192596
v -0.045395 15.33598 1.138616
v -0.093305 15.64887 0.941925
v -0.095852 15.71851 0.887093
v -0.043956 15.51801 1.12484
v -0.092363 15.49259 1.060344
v -0.084178 15.34979 1.080668
v -0.138076 15.32209 1.024634
v -0.165228 15.39134 1.022283
v -0.103217 15.38401 1.085445
v -0.144073 15.31629 0.968371
v -0.061639 15.31201 1.035902
v -0.068219 15.12828 1.077483
v -0.064227 15.21734 1.065828
v -0.07209 15.10562 1.04903
v -0.139713 15.11871 1.033789
v -0.129289 15.0975 1.0137
v -0.266179 15.07555 0.932041
v -0.21207 15.09303 0.975455
v -0.19952 15.08836 0.962422
v -0.242384 15.07679 0.939654
v -0.14629 15.19282 1.024018
v -0.347419 15.82826 0.839894
v -0.347537 15.85735 0.829252
v -0.241276 15.84404 0.81675
v -0.262044 15.80618 0.819356
v -0.43285 15.84105 0.79919
v -0.419544 15.81092 0.818746
v -0.488595 15.74637 0.72922
v -0.511639 15.74069 0.692047
v -0.192311 15.73673 0.781809
v -0.185768 15.69849 0.811103
v -0.280966 15.68782 0.817955
v -0.142482 14.66314 0.889166
v -0.142213 14.71726 0.977856
v -0.136827 14.63949 0.54455
v -0.264386 14.76145 0.850865
v -0.274817 14.71046 0.758738
v -0.386831 15.96224 0.913937
v -0.155667 15.92319 1.009046
v -0.224385 15.85947 0.90644
v -0.3645 15.88192 0.88943
v -0.559501 15.73186 0.655401
v -0.479366 15.85844 0.817136
v -0.277244 15.62857 0.851311
v -0.264876 15.54164 0.88563
v -0.158742 15.58396 0.916256
v -0.135162 15.50851 0.948277
v -0.3816 15.67224 0.806808
v -0.582873 15.35889 0.67666
v -0.611433 15.53678 0.681077
v -0.420191 15.5155 0.84775
v -0.449115 15.36075 0.831431
v -0.176655 15.37192 0.940165
v -0.409708 15.18633 -0.740483
v -0.364217 14.84317 -0.586334
v -0.453423 15.41291 -0.76126
v -0.477879 15.73669 -0.85472
v -0.611445 15.03542 0.019195
v -0.370945 14.74907 0.609869
v -0.737779 15.46757 -0.508282
v -0.794847 15.77403 -0.586008
v -0.733276 15.59631 -0.213009
v -0.696324 15.36388 -0.153235
v -0.796337 15.89981 0.002017
v -0.763971 15.76778 -0.001186
v -0.757576 15.70715 -0.190871
v -0.691495 15.36001 0.199929
v -0.783497 15.81937 -0.078186
v -0.835595 15.84916 -0.229598
v -0.159136 16.04401 0.959911
v -0.382538 16.06992 0.856017
v -0.242066 15.07482 0.937193
v -0.24892 15.0624 0.935521
v -0.088046 14.97182 1.00447
v -0.076557 15.07199 1.06523
v -0.691527 15.30163 0.099306
v -0.145496 15.74176 0.80178
v -0.154625 15.79934 0.80206
v -0.100428 15.80057 0.888966
v -0.547332 15.93051 0.791435
v -0.603791 15.7225 0.594343
v -0.128479 15.49461 1.005895
v -0.106099 15.43122 1.088708
v -0.16738 15.66604 0.859572
v -0.404148 15.6169 0.82766
v -0.691338 15.53888 0.456107
v -0.06402 15.33754 1.038465
v -0.157405 15.44095 1.022379
v -0.173408 15.44606 0.925959
v -0.66156 15.719 0.470215
v -0.554904 16.04046 0.729151
v -0.133102 14.79712 0.996348
v -0.113484 14.93755 0.983344
v -0.276688 15.03971 0.906906
v -0.208088 14.99088 0.954832
v -0.222992 14.95062 0.935982
v -0.314316 15.00788 0.872139
v -0.38235 14.94209 0.77056
v -0.391558 14.83466 0.673149
v -0.377159 15.70198 0.813922
v -0.267658 14.69542 0.507772
v -0.250973 14.8427 0.898307
v -0.533735 14.86205 -0.378782
v -0.399398 15.15606 0.822047
v -0.048063 15.81737 0.961105
v -0.642503 15.34674 0.452178
v -0.726159 15.47755 0.069924
v -0.735039 15.65723 0.049423
v -0.229652 15.14928 0.958088
v -0.204997 15.06191 0.975896
v -0.135818 14.58933 0.41055
v -0.645358 15.03228 0.193303
v -0.298066 15.08036 0.898881
v -0.330079 15.10661 0.876715
v -0.206002 15.08588 0.962263
v -0.073103 15.10292 1.037981
v -0.473335 14.01198 0.113976
v -0.191103 13.94382 0.324736
v -0.119148 14.49612 0.308031
v -0.251011 14.52072 0.243856
v -0.383617 14.59288 0.13094
v -0.365535 14.76 -0.551726
v -0.568529 14.68036 -0.180342
v -0.532211 14.72913 -0.401605
v -0.465276 14.60828 0.08527
v -0.195699 15.13071 0.945109
v -0.272594 15.05619 0.855295
v -0.178059 14.99547 0.933445
v -0.190945 15.07103 0.611578
v -0.242383 16.8175 0.789288
v -0.237751 16.98394 0.519986
v -0.292182 16.83272 -0.388377
v -0.272219 16.90622 -0.110831
v -0.53638 16.74593 0.613872
v -0.695235 16.70247 0.369637
v -0.258704 16.98294 0.222084
v -0.329222 16.69142 -0.689404
v -0.409872 16.40888 -0.868781
v -0.219754 16.50264 0.917053
v -0.476154 16.53074 0.735632
v -0.662578 16.50249 0.430156
v -0.875309 16.21227 -0.003435
v -0.884783 16.16375 -0.267644
v -0.822558 16.11273 -0.629173
v -0.47454 16.09781 -0.910117
v -0.820859 16.60873 -0.019956
v -0.838123 16.51313 -0.332191
v -0.750028 16.41492 -0.660912
v -0.731955 15.2729 -0.008903
v -0.764156 15.28178 -0.008919
v -0.855054 15.61454 -0.263415
v -0.88606 15.60406 -0.248747
v -0.826506 15.40574 -0.195919
v -0.799881 15.4043 -0.214685
v -0.812942 15.60011 -0.12789
v -0.803867 15.48525 -0.109245
v -0.81128 15.81749 -0.070607
v -0.869083 15.819 -0.172209
v -0.838748 15.82454 -0.193705
v -0.342916 15.73826 0.651127
v -0.59661 15.05432 -0.14959
v -0.607833 15.11231 0.417265
v -0.603915 14.94795 0.183757
v -0.551553 14.90765 0.131492
v -0.642042 15.1653 0.016397
v -0.475642 15.77706 0.774146
v -0.498714 15.78765 0.740726
v -0.548 15.79732 0.719227
v -0.608344 15.8359 0.658737
v -0.627383 15.91151 0.54557
v -0.728047 15.88528 0.260078
v -0.330063 15.31597 0.884308
v -0.254315 15.22805 0.916613
v -0.513891 15.65273 0.746861
v -0.463884 15.68151 0.765544
v -0.456865 15.71298 0.777985
v -0.435831 14.80385 0.232919
v -0.546603 14.86481 0.324532
v -0.593562 14.96481 0.383323
v -0.534168 14.91466 0.48883
v -0.498861 14.81013 0.425595
v -0.523887 15.08072 0.543811
v -0.199326 16.39397 0.870525
v -0.420816 16.42038 0.737641
v -0.563905 16.41667 0.503382
v -0.672684 15.90281 0.334886
v -0.672327 16.20263 0.348342
v -0.766309 16.20151 0.265536
v -0.46079 16.8917 0.567724
v -0.544403 16.88931 0.285072
v -0.588603 16.81564 -0.059264
v -0.60089 16.71498 -0.366762
v -0.548268 16.58911 -0.659436
v -0.386117 16.78646 0.726638
v -0.364616 14.75453 0.301553
v -0.218059 15.76218 0.791741
v -0.738107 16.37713 0.331496
v -0.62156 16.3203 0.398723
v -0.617982 16.07976 0.472997
v -0.563804 16.16643 0.632724
v -0.406415 16.22397 0.793976
v -0.172837 16.20975 0.941765
v -0.195073 15.7263 0.78247
v -0.662961 15.97894 0.349331
v -0.729446 15.95594 0.272584
v -0.723356 15.69746 0.195892
v -0.729543 15.51118 0.183923
v -0.668586 15.13735 0.199207
v -1.02484 13.92974 0.185057
v -0.613092 14.20183 -0.186959
v -0.191479 13.8424 0.454598
v -0.465182 14.39051 -0.763877
v -0.671033 14.40124 -0.439775
v -0.046669 15.58927 1.070126
v -0.089572 15.55349 1.001357
v -0.082418 15.00299 1.053641
v -0.202122 15.02486 0.971553
v -0.262603 15.05049 0.920346
v -0.280524 15.07746 0.916059
v -0.221526 15.11227 0.970767
v -0.1446 15.16064 1.044613
v -0.067238 15.1786 1.095705
v -0.045769 15.56562 1.088283
v -0.090311 15.53547 1.015858
v -0.128904 15.49734 0.966155
v -0.16981 15.44212 0.946228
v -0.175847 15.37308 0.915279
v -0.144377 15.31101 0.958739
v -0.06152 15.28938 1.034626
v -0.282997 15.27638 0.889801
v -0.36328 15.13302 0.849405
v -0.34899 14.98365 0.826623
v -0.242267 14.8997 0.90889
v -0.129736 14.87168 1.00353
v -0.210251 15.47102 0.919898
v -0.14728 15.53841 0.937574
v -0.091551 15.59078 0.97983
v -0.047782 15.632 1.047484
v -0.26816 15.40735 0.900562
v -0.458757 15.1962 0.758162
v -0.455134 15.03641 0.675282
v -0.468233 14.87552 0.582561
v -0.440103 14.7773 0.515476
v -0.283344 14.69892 0.381949
v -0.545973 15.22281 0.604822
v -0.613495 15.22808 0.434719
v -0.682183 15.23976 0.199525
v -0.677449 15.24859 0.068319
v -0.745425 15.65173 -0.201941
v -0.857446 15.7616 -0.256013
v -0.88793 15.76015 -0.236331
v -0.826491 15.7418 -0.13066
v -0.776024 15.69576 -0.055224
v -0.764566 15.64067 -0.026588
v -0.752016 15.47319 0.005715
v -0.747468 15.36039 0.03356
v -0.775413 15.34196 -0.005713
v -0.826535 15.71479 -0.322551
v -0.785333 15.52207 -0.317587
v -0.64345 15.25048 -0.429882
v -0.364117 14.96293 -0.768876
v -0.580628 14.99952 -0.401251
v -0.679247 15.09573 -0.266131
v -0.736056 15.30248 -0.254468
v -0.589091 15.07982 -0.231197
v -0.658338 15.32203 -0.20403
v -0.716102 15.54883 -0.250731
v -0.762526 15.71603 -0.243354
v -0.802689 15.83637 -0.065963
v -0.567253 14.90901 -0.392138
v -0.366473 14.86444 -0.698839
v -0.808529 15.92333 -0.620492
v -0.480419 15.90167 -0.894642
v -0.770028 15.78386 0.017681
v -0.713578 15.69955 0.222506
v -0.59327 14.9595 -0.283057
v -0.629672 14.9669 -0.323519
v -0.622383 15.03413 0.070896
v -0.649668 15.15297 0.062535
v -0.663859 15.25534 0.029874
v -1.405894 13.89268 0.109686
v -1.474187 14.00593 -0.305331
v -0.310157 12.85177 0.964509
v -0.894024 14.10949 -0.91279
v -1.423325 14.06144 -0.505719
v -0.122339 12.842 1.005742
v -0.063819 13.80265 0.468241
v -0.123906 13.89024 0.402428
v -0.198427 13.91036 0.395894
v -0.34035 13.9677 0.240017
v -0.402709 13.87665 0.345015
v -0.785475 13.05508 0.828794
v -0.365226 13.93119 0.304885
v -1.435774 13.93125 0.041286
v -1.029417 13.96945 0.131446
v -0.887754 14.09827 -0.241674
v -0.946904 14.23374 -0.467375
v -0.673791 14.22305 -0.858471
v -0.906433 14.00806 0.012462
v -1.46239 13.96254 -0.181656
v -0.601668 13.97413 0.230676
v -0.635497 13.9331 0.265706
v -1.015289 13.27219 0.5856
v -1.263038 13.66575 0.283743
v -0.718999 13.82849 0.357507
v -0.464058 13.77587 0.44129
v -0.217283 13.7254 0.547378
v -0.079903 13.674 0.57846
#end vertices

#begin 836 textures vertices 
vt 0.50462 0.4412707 0
vt 0.4979509 0.423915 0
vt 0.525423 0.4240806 0
vt 0.5169235 0.4423785 0
vt 0.5440875 0.4447836 0
vt 0.5257486 0.4509196 0
vt 0.5429658 0.4718287 0
vt 0.5255754 0.4634087 0
vt 0.5233116 0.489913 0
vt 0.5165805 0.472396 0
vt 0.4966067 0.489644 0
vt 0.5038817 0.4717447 0
vt 0.4776601 0.4703094 0
vt 0.4953904 0.4625852 0
vt 0.4776601 0.4424335 0
vt 0.4962243 0.4503324 0
vt 0.5107289 0.4571686 0
vt 0.4725503 0.235256 0
vt 0.8774039 0.7496998 0
vt 0.8954643 0.7170928 0
vt 0.905561 0.7023301 0
vt 0.906318 0.6885249 0
vt 0.9000757 0.6780754 0
vt 0.4912034 0.3326384 0
vt 0.4910394 0.3500592 0
vt 0.8858342 0.6313935 0
vt 0.8836423 0.6264942 0
vt 0.4667508 0.4405693 0
vt 0.8493643 0.5414693 0
vt 0.8002406 0.5123829 0
vt 0.01844582 0.4190005 0
vt 0.4065112 0.6536769 0
vt 0.4063133 0.6889539 0
vt 0.4035117 0.7468731 0
vt 0.4668749 0.2028946 0
vt 0.8784735 0.6012768 0
vt 0.4863742 0.3764672 0
vt 0.8907774 0.6685198 0
vt 0.4735657 0.4248136 0
vt 0.8762012 0.5953477 0
vt 0.4698678 0.2261166 0
vt 0.7855639 0.5026064 0
vt 0.4862203 0.3719304 0
vt 0.3547761 0.5959476 0
vt 0.02261689 0.4313984 0
vt 0.7739052 0.4854099 0
vt 0.3719908 0.5404857 0
vt 0.00390625 0.5181871 0
vt 0.2855427 0.588308 0
vt 0.00390625 0.6187146 0
vt 0.3188542 0.009413462 0
vt 0.7844581 0.9566748 0
vt 0.1941422 0.01303886 0
vt 0.1409076 0.03322795 0
vt 0.257972 0.00390625 0
vt 0.0833398 0.06953087 0
vt 0.03731426 0.1250096 0
vt 0.8252486 0.9023565 0
vt 0.4127919 0.8133007 0
vt 0.4604384 0.179067 0
vt 0.8342038 0.8812946 0
vt 0.4509375 0.1506226 0
vt 0.4240542 0.2667727 0
vt 0.4716222 0.251966 0
vt 0.4653604 0.2384865 0
vt 0.5004177 0.3080739 0
vt 0.4990147 0.297625 0
vt 0.4957554 0.3161654 0
vt 0.4606049 0.2633523 0
vt 0.4528952 0.2510935 0
vt 0.4903115 0.2846458 0
vt 0.4782427 0.2908783 0
vt 0.4845266 0.3169609 0
vt 0.4718167 0.3213886 0
vt 0.4688537 0.3105635 0
vt 0.4826445 0.3103412 0
vt 0.4631485 0.3258382 0
vt 0.4810169 0.3293204 0
vt 0.4782834 0.3618739 0
vt 0.4802408 0.3462893 0
vt 0.4752739 0.3666832 0
vt 0.465383 0.361758 0
vt 0.3479154 0.6530803 0
vt 0.4392302 0.3682389 0
vt 0.4505142 0.3650488 0
vt 0.3359059 0.6392763 0
vt 0.4431785 0.3687255 0
vt 0.4650889 0.3489719 0
vt 0.4102991 0.2348909 0
vt 0.4105391 0.2306812 0
vt 0.4259958 0.2351574 0
vt 0.4226397 0.2397571 0
vt 0.3963591 0.2358203 0
vt 0.3992398 0.239243 0
vt 0.3884598 0.2587345 0
vt 0.3808739 0.2606382 0
vt 0.4319931 0.253015 0
vt 0.4364289 0.2595394 0
vt 0.4254772 0.2700378 0
vt 0.437428 0.4402368 0
vt 0.4482779 0.4296499 0
vt 0.3899873 0.4684439 0
vt 0.4232263 0.4204928 0
vt 0.4098904 0.4308871 0
vt 0.4063718 0.209155 0
vt 0.444102 0.2065588 0
vt 0.4318798 0.223167 0
vt 0.409913 0.2213369 0
vt 0.3703448 0.2633753 0
vt 0.3909096 0.231979 0
vt 0.429889 0.2782861 0
vt 0.4357766 0.2910005 0
vt 0.4518105 0.2783856 0
vt 0.4588963 0.290214 0
vt 0.4100507 0.2758594 0
vt 0.3748574 0.3245091 0
vt 0.3712298 0.2965901 0
vt 0.4105859 0.2990115 0
vt 0.406949 0.322991 0
vt 0.4568501 0.3158613 0
vt 0.07487627 0.3501109 0
vt 0.08171348 0.4171116 0
vt 0.08093664 0.3141533 0
vt 0.08059429 0.2608555 0
vt 0.277594 0.3929193 0
vt 0.3827528 0.4265039 0
vt 0.1432849 0.3134816 0
vt 0.1458734 0.2665642 0
vt 0.2022575 0.3104332 0
vt 0.2349347 0.3481581 0
vt 0.2490567 0.2546174 0
vt 0.2551085 0.2738619 0
vt 0.2083488 0.2887891 0
vt 0.2990346 0.3346861 0
vt 0.2351777 0.2687333 0
vt 0.2067839 0.2637143 0
vt 0.4367469 0.185681 0
vt 0.3980344 0.1927947 0
vt 0.4421058 0.3712867 0
vt 0.4407364 0.3731091 0
vt 0.4666909 0.3930091 0
vt 0.4744653 0.3753337 0
vt 0.2835802 0.3465414 0
vt 0.4391814 0.2508955 0
vt 0.4370574 0.2430047 0
vt 0.450308 0.2366048 0
vt 0.3794306 0.2243024 0
vt 0.3577133 0.2664974 0
vt 0.468037 0.2924526 0
vt 0.4818173 0.3021506 0
vt 0.4438494 0.2647407 0
vt 0.4093948 0.2839326 0
vt 0.3351466 0.2997018 0
vt 0.4823744 0.3250403 0
vt 0.4688846 0.3025861 0
vt 0.4535073 0.3032429 0
vt 0.3355326 0.270549 0
vt 0.3681395 0.2097454 0
vt 0.4537414 0.4187377 0
vt 0.4607307 0.3975104 0
vt 0.4340212 0.375933 0
vt 0.446413 0.3858139 0
vt 0.4418309 0.3917723 0
vt 0.4253138 0.3803354 0
vt 0.4050148 0.3909957 0
vt 0.3902459 0.410171 0
vt 0.4102259 0.272235 0
vt 0.3744354 0.4506044 0
vt 0.4317393 0.4077639 0
vt 0.1283024 0.4167515 0
vt 0.4119203 0.3555212 0
vt 0.4618839 0.2279115 0
vt 0.339079 0.3312202 0
vt 0.2788592 0.3169932 0
vt 0.2710242 0.2890618 0
vt 0.4473424 0.3557965 0
vt 0.4500542 0.3745461 0
vt 0.3699328 0.4812063 0
vt 0.30414 0.3868817 0
vt 0.4315609 0.3680616 0
vt 0.4256654 0.3635347 0
vt 0.4490902 0.3703052 0
vt 0.4737237 0.3690271 0
vt 0.2756823 0.5579008 0
vt 0.6228317 0.08870682 0
vt 0.3559908 0.4981945 0
vt 0.3337104 0.4882305 0
vt 0.308592 0.4707937 0
vt 0.08451834 0.4325387 0
vt 0.159824 0.4441399 0
vt 0.1230511 0.4384638 0
vt 0.2942183 0.4650615 0
vt 0.3327249 0.6457876 0
vt 0.3139544 0.6349781 0
vt 0.3075325 0.6164619 0
vt 0.283758 0.6569761 0
vt 0.3601019 0.07146985 0
vt 0.3132536 0.04565513 0
vt 0.1620878 0.07139394 0
vt 0.2067813 0.0538606 0
vt 0.3238403 0.1065415 0
vt 0.2874006 0.1244433 0
vt 0.2632396 0.0440949 0
vt 0.1180298 0.1045634 0
vt 0.09287037 0.1542256 0
vt 0.3978858 0.1133469 0
vt 0.3540022 0.1301393 0
vt 0.3051019 0.151378 0
vt 0.2422688 0.2062673 0
vt 0.2038887 0.2162146 0
vt 0.1492577 0.2175496 0
vt 0.08460854 0.2040726 0
vt 0.1672002 0.7830458 0
vt 0.193052 0.1631326 0
vt 0.1460427 0.1732955 0
vt 0.2642036 0.3494941 0
vt 0.2642472 0.3450265 0
vt 0.2216288 0.305708 0
vt 0.2270724 0.3058138 0
vt 0.2371644 0.328242 0
vt 0.2329465 0.3306581 0
vt 0.2464266 0.3028389 0
vt 0.2509106 0.3176785 0
vt 0.2380892 0.2721212 0
vt 0.2305704 0.2824245 0
vt 0.2262326 0.2815774 0
vt 0.4078987 0.2565071 0
vt 0.1773148 0.3959162 0
vt 0.3382894 0.3690783 0
vt 0.3050521 0.4018872 0
vt 0.2980507 0.4140019 0
vt 0.272394 0.3724263 0
vt 0.3905724 0.2492137 0
vt 0.3852113 0.24989 0
vt 0.3768891 0.2492664 0
vt 0.362738 0.2459167 0
vt 0.3429772 0.2380127 0
vt 0.2943701 0.2495126 0
vt 0.4278559 0.3285146 0
vt 0.441281 0.3424232 0
vt 0.3871257 0.2772919 0
vt 0.3946127 0.2725408 0
vt 0.3961368 0.268243 0
vt 0.3209492 0.4347401 0
vt 0.3301031 0.4117135 0
vt 0.3355555 0.3927295 0
vt 0.354543 0.3988134 0
vt 0.3482971 0.4176399 0
vt 0.3625136 0.3722377 0
vt 0.4062028 0.1315092 0
vt 0.3661911 0.1448024 0
vt 0.3259581 0.1599205 0
vt 0.3091559 0.2449279 0
vt 0.3046923 0.1989204 0
vt 0.2857932 0.202134 0
vt 0.3150504 0.08285081 0
vt 0.2733155 0.08842306 0
vt 0.2235659 0.1018303 0
vt 0.1794919 0.1186314 0
vt 0.1355316 0.1361542 0
vt 0.344621 0.0883131 0
vt 0.3361046 0.4451051 0
vt 0.4286249 0.2481831 0
vt 0.2916883 0.1741501 0
vt 0.3121862 0.1790837 0
vt 0.3282865 0.2133196 0
vt 0.3516908 0.1933597 0
vt 0.3827792 0.1719481 0
vt 0.4250554 0.1595675 0
vt 0.4320237 0.2547124 0
vt 0.3100843 0.2327939 0
vt 0.2941946 0.2386406 0
vt 0.2912492 0.2794869 0
vt 0.2944207 0.3095439 0
vt 0.3023059 0.3699997 0
vt 0.4908631 0.08103743 0
vt 0.230878 0.518598 0
vt 0.2453681 0.718436 0
vt 0.6236359 0.1146408 0
vt 0.07848669 0.5017949 0
vt 0.006434244 0.5002151 0
vt 0.1308672 0.4965932 0
vt 0.4894332 0.2685227 0
vt 0.4817861 0.2723178 0
vt 0.4694008 0.2800609 0
vt 0.4845173 0.3882312 0
vt 0.4717547 0.3856989 0
vt 0.4494392 0.3805156 0
vt 0.4373063 0.3746209 0
vt 0.4357069 0.3681318 0
vt 0.4491328 0.3618984 0
vt 0.4665162 0.3548241 0
vt 0.4805723 0.3539717 0
vt 0.4904799 0.3570576 0
vt 0.4921642 0.2728105 0
vt 0.48459 0.2765183 0
vt 0.4715456 0.2832154 0
vt 0.4619312 0.291598 0
vt 0.4568554 0.3034586 0
vt 0.4530524 0.3164317 0
vt 0.4616076 0.3270478 0
vt 0.4801291 0.3331091 0
vt 0.4901627 0.339351 0
vt 0.4353599 0.334655 0
vt 0.4190068 0.359198 0
vt 0.4158471 0.3840915 0
vt 0.4353203 0.3991328 0
vt 0.4571302 0.4077891 0
vt 0.4772801 0.411519 0
vt 0.4471182 0.3001419 0
vt 0.4559644 0.2856151 0
vt 0.4660294 0.2736724 0
vt 0.4781044 0.2647571 0
vt 0.4846631 0.2589438 0
vt 0.4379915 0.3125077 0
vt 0.3974788 0.3500728 0
vt 0.3864332 0.3770593 0
vt 0.3722818 0.4040085 0
vt 0.3649264 0.4224013 0
vt 0.3538057 0.4560066 0
vt 0.3687049 0.3484448 0
vt 0.3393919 0.3506634 0
vt 0.3002333 0.3539013 0
vt 0.2780218 0.3563916 0
vt 0.2045915 0.2993018 0
vt 0.2226038 0.2901931 0
vt 0.2268168 0.2903054 0
vt 0.241618 0.2858236 0
vt 0.2542017 0.2866055 0
vt 0.2604932 0.2937331 0
vt 0.2689719 0.318105 0
vt 0.2722746 0.3350541 0
vt 0.2651449 0.3368878 0
vt 0.1857562 0.2824752 0
vt 0.1766449 0.3132036 0
vt 0.1378995 0.3509605 0
vt 0.003906299 0.3815192 0
vt 0.0645108 0.3840203 0
vt 0.1309617 0.3920664 0
vt 0.1577556 0.3784877 0
vt 0.1712077 0.3487463 0
vt 0.1671372 0.388863 0
vt 0.1855816 0.3529844 0
vt 0.6622849 0.1098197 0
vt 0.7230058 0.04045542 0
vt 0.2370031 0.2646515 0
vt 0.1296933 0.4073217 0
vt 0.07064489 0.40232 0
vt 0.01256971 0.406537 0
vt 0.1456582 0.2447014 0
vt 0.08099163 0.234272 0
vt 0.2570722 0.2708714 0
vt 0.2956522 0.2786177 0
vt 0.151305 0.403409 0
vt 0.1450515 0.3976607 0
vt 0.2854425 0.3912989 0
vt 0.2801683 0.3723279 0
vt 0.270638 0.3589494 0
vt 0.4301447 0.0788428 0
vt 0.7817034 0.3747929 0
vt 0.6538384 0.2938984 0
vt 0.6048327 0.2882874 0
vt 0.9403189 0.1312832 0
vt 0.6507282 0.4011176 0
vt 0.7545678 0.3935399 0
vt 0.6346316 0.2926106 0
vt 0.6439439 0.1201453 0
vt 0.6338151 0.1034499 0
vt 0.6222148 0.1008801 0
vt 0.3017408 0.5712657 0
vt 0.5892169 0.1002295 0
vt 0.5304354 0.2503099 0
vt 0.5948984 0.08939058 0
vt 0.4245577 0.0669521 0
vt 0.4895586 0.07069123 0
vt 0.5044042 0.006850963 0
vt 0.6940334 0.3420922 0
vt 0.6246076 0.3712848 0
vt 0.5123668 0.375727 0
vt 0.506449 0.04904272 0
vt 0.4155303 0.03272395 0
vt 0.557256 0.07849198 0
vt 0.5523217 0.08705024 0
vt 0.4915667 0.2014806 0
vt 0.4522858 0.1238716 0
vt 0.5401614 0.10911 0
vt 0.5805332 0.1225985 0
vt 0.6204226 0.1376456 0
vt 0.6418099 0.1467732 0
vt 0.6543773 0.1491696 0
vt 0.03086611 0.05254872 0
vt 0.02419683 0.06990439 0
vt 0.05166912 0.06973887 0
vt 0.04316954 0.05144092 0
vt 0.07033361 0.04903573 0
vt 0.05199459 0.04289972 0
vt 0.06921203 0.02199083 0
vt 0.05182146 0.03041065 0
vt 0.04955794 0.003906266 0
vt 0.04282679 0.02142321 0
vt 0.02285284 0.004175236 0
vt 0.03012798 0.0220744 0
vt 0.003906277 0.02350988 0
vt 0.02163669 0.031234 0
vt 0.003906277 0.05138558 0
vt 0.02247046 0.0434869 0
vt 0.03697511 0.03665076 0
vt 0.8222634 0.731604 0
vt 0.8699009 0.7459165 0
vt 0.8637723 0.7594916 0
vt 0.8982994 0.6896972 0
vt 0.8969117 0.7001337 0
vt 0.8936164 0.6816209 0
vt 0.8587714 0.7346574 0
vt 0.8511831 0.7470265 0
vt 0.8882525 0.7130978 0
vt 0.8761732 0.706945 0
vt 0.8823707 0.6808602 0
vt 0.8696405 0.6764909 0
vt 0.8667142 0.6873269 0
vt 0.8805068 0.6874767 0
vt 0.860958 0.6720831 0
vt 0.8788186 0.6685281 0
vt 0.8760096 0.6359987 0
vt 0.8779996 0.6515762 0
vt 0.8729873 0.631197 0
vt 0.8630883 0.6361461 0
vt 0.862377 0.6312735 0
vt 0.8368675 0.6297559 0
vt 0.8481847 0.6329082 0
vt 0.8487217 0.6300124 0
vt 0.8408221 0.629256 0
vt 0.862826 0.6489329 0
vt 0.8087726 0.763713 0
vt 0.8090393 0.7679343 0
vt 0.8244472 0.7632902 0
vt 0.8210612 0.7587099 0
vt 0.7948389 0.762906 0
vt 0.7976931 0.7594485 0
vt 0.7868052 0.7399809 0
vt 0.7792389 0.7381199 0
vt 0.8302927 0.7453226 0
vt 0.8346673 0.7387365 0
vt 0.8236594 0.7283153 0
vt 0.8343267 0.5575894 0
vt 0.8452916 0.568076 0
vt 0.7865589 0.5298469 0
vt 0.8203387 0.5774972 0
vt 0.8068938 0.5672247 0
vt 0.8050025 0.7895725 0
vt 0.84275 0.7917843 0
vt 0.8304143 0.7752573 0
vt 0.8084705 0.7773153 0
vt 0.7687318 0.7354432 0
vt 0.7894216 0.7668045 0
vt 0.8280023 0.72 0
vt 0.8337943 0.7071922 0
vt 0.8498727 0.7196884 0
vt 0.8568645 0.70777 0
vt 0.8082251 0.722615 0
vt 0.7728464 0.6740826 0
vt 0.769417 0.7021076 0
vt 0.8086247 0.6993741 0
vt 0.8048593 0.6753458 0
vt 0.8547021 0.6821072 0
vt 0.4746816 0.648332 0
vt 0.4807332 0.5814181 0
vt 0.4808711 0.6842355 0
vt 0.4805783 0.7374191 0
vt 0.6751924 0.6064579 0
vt 0.7798121 0.571875 0
vt 0.5426013 0.6849324 0
vt 0.5456284 0.7323568 0
vt 0.6006935 0.6884026 0
vt 0.6332136 0.6513688 0
vt 0.6479198 0.744772 0
vt 0.6539262 0.7254416 0
vt 0.6073856 0.7104532 0
vt 0.6972214 0.664412 0
vt 0.6341169 0.7305919 0
vt 0.605884 0.7355977 0
vt 0.8355156 0.8128109 0
vt 0.7967488 0.8060583 0
vt 0.8397111 0.6265708 0
vt 0.8383215 0.6247655 0
vt 0.86408 0.6045669 0
vt 0.8720418 0.6221729 0
vt 0.6817153 0.6526534 0
vt 0.8374872 0.7473754 0
vt 0.8354343 0.7553084 0
vt 0.8487316 0.761575 0
vt 0.7780065 0.7745919 0
vt 0.7561282 0.7323901 0
vt 0.8659775 0.70545 0
vt 0.8797018 0.6956596 0
vt 0.8420326 0.7334466 0
vt 0.807524 0.7145172 0
vt 0.7334547 0.6992279 0
vt 0.8801883 0.6727985 0
vt 0.8667769 0.6953054 0
vt 0.8514188 0.6947663 0
vt 0.7340058 0.7284571 0
vt 0.766807 0.7892709 0
vt 0.8508679 0.5789451 0
vt 0.8580718 0.6001245 0
vt 0.8315736 0.6220209 0
vt 0.8438726 0.6119815 0
vt 0.8392308 0.6060664 0
vt 0.8228252 0.6176995 0
vt 0.8024351 0.6072062 0
vt 0.7874795 0.5881477 0
vt 0.8084223 0.7262502 0
vt 0.7712198 0.5478486 0
vt 0.8289814 0.5901565 0
vt 0.5272554 0.5814102 0
vt 0.8096283 0.6426843 0
vt 0.8603838 0.7701326 0
vt 0.7371381 0.6676191 0
vt 0.6773071 0.6822015 0
vt 0.6697029 0.7101749 0
vt 0.845041 0.6421778 0
vt 0.8476291 0.6232137 0
vt 0.7663452 0.5173016 0
vt 0.7017507 0.6122084 0
vt 0.8291836 0.6299575 0
vt 0.8233143 0.634539 0
vt 0.06813071 0.5484472 0
vt 0.871349 0.6284884 0
vt 0.6697194 0.4402171 0
vt 0.7221252 0.4183939 0
vt 0.7521843 0.5004842 0
vt 0.7300305 0.5106749 0
vt 0.7051329 0.5283114 0
vt 0.4833139 0.5659911 0
vt 0.6479885 0.5523982 0
vt 0.5217425 0.5596819 0
vt 0.6908307 0.5341485 0
vt 0.0385595 0.5378176 0
vt 0.04989869 0.5565439 0
vt 0.06848674 0.5635028 0
vt 0.02825157 0.586166 0
vt 0.7587006 0.9280346 0
vt 0.7114285 0.9541736 0
vt 0.5594339 0.9273337 0
vt 0.5764346 0.6019493 0
vt 0.7224883 0.8929611 0
vt 0.6862582 0.8747392 0
vt 0.6610798 0.9562248 0
vt 0.5162844 0.8934695 0
vt 0.4909548 0.8440237 0
vt 0.7967241 0.8857936 0
vt 0.7527566 0.8692198 0
vt 0.7039531 0.847941 0
vt 0.6410801 0.793268 0
vt 0.6026551 0.7834417 0
vt 0.5481064 0.7812281 0
vt 0.4835935 0.7943637 0
vt 0.5963762 0.650053 0
vt 0.5921763 0.8362894 0
vt 0.5452835 0.8264121 0
vt 0.6623757 0.6498303 0
vt 0.6624758 0.6542834 0
vt 0.6205075 0.6935834 0
vt 0.6259217 0.693479 0
vt 0.6357314 0.6711303 0
vt 0.6315084 0.6687418 0
vt 0.6451703 0.6964417 0
vt 0.6495178 0.6816108 0
vt 0.6370092 0.7271908 0
vt 0.6295124 0.7168808 0
vt 0.6251968 0.717739 0
vt 0.806212 0.7420571 0
vt 0.6480263 0.6068943 0
vt 0.7360089 0.629728 0
vt 0.7024795 0.5972049 0
vt 0.6953378 0.5851642 0
vt 0.6702599 0.6269246 0
vt 0.7889726 0.7495173 0
vt 0.7836231 0.7488793 0
vt 0.7753299 0.7495628 0
vt 0.7612399 0.7530132 0
vt 0.741574 0.761055 0
vt 0.6930822 0.74974 0
vt 0.8256942 0.6696365 0
vt 0.8390348 0.6556006 0
vt 0.7853685 0.7213562 0
vt 0.7928542 0.7260717 0
vt 0.7943944 0.7303763 0
vt 0.717951 0.5642205 0
vt 0.7273745 0.5871548 0
vt 0.7330339 0.6060897 0
vt 0.7519276 0.5998355 0
vt 0.74548 0.5810618 0
vt 0.7601535 0.626361 0
vt 0.8050645 0.8674924 0
vt 0.7649815 0.854442 0
vt 0.7247789 0.8393843 0
vt 0.7078319 0.7542758 0
vt 0.7034691 0.8003917 0
vt 0.6845794 0.7972491 0
vt 0.7134848 0.9167243 0
vt 0.671619 0.9108653 0
vt 0.6217721 0.8982228 0
vt 0.57804 0.8804116 0
vt 0.5340677 0.8626845 0
vt 0.7432087 0.9112258 0
vt 0.732968 0.553717 0
vt 0.826969 0.750201 0
vt 0.6905057 0.825222 0
vt 0.7109938 0.8202278 0
vt 0.7270062 0.7858834 0
vt 0.750436 0.8057905 0
vt 0.7815557 0.827097 0
vt 0.823911 0.8391465 0
vt 0.8303099 0.7436203 0
vt 0.7087931 0.766438 0
vt 0.6929324 0.7606386 0
vt 0.6898691 0.7197041 0
vt 0.692839 0.6895934 0
vt 0.7001158 0.6290914 0
vt 0.0824061 0.7599744 0
vt 0.6259944 0.4812091 0
vt 0.2148507 0.7258904 0
vt 0.4762535 0.4968417 0
vt 0.5286668 0.5014065 0
vt 0.8798375 0.7254568 0
vt 0.8674115 0.7178372 0
vt 0.8692264 0.6118283 0
vt 0.8469534 0.6172497 0
vt 0.8348736 0.6232951 0
vt 0.8328826 0.6283616 0
vt 0.8468114 0.6360647 0
vt 0.8642403 0.6430758 0
vt 0.8783178 0.6438945 0
vt 0.8825973 0.7212385 0
vt 0.8695308 0.7146611 0
vt 0.8598854 0.7063565 0
vt 0.8547603 0.6945229 0
vt 0.8509065 0.6815621 0
vt 0.8594133 0.6708808 0
vt 0.8779194 0.6647462 0
vt 0.8331557 0.6634243 0
vt 0.8166853 0.6389402 0
vt 0.8133253 0.6140239 0
vt 0.8326478 0.5987635 0
vt 0.8543684 0.5898713 0
vt 0.8450585 0.6979254 0
vt 0.8539675 0.7124039 0
vt 0.8640982 0.7242655 0
vt 0.8762364 0.7330461 0
vt 0.8358869 0.6856039 0
vt 0.7952419 0.6482683 0
vt 0.7839929 0.6213268 0
vt 0.7695918 0.5944781 0
vt 0.7620424 0.5761452 0
vt 0.7505308 0.5426522 0
vt 0.7665369 0.6501392 0
vt 0.7372829 0.6481486 0
vt 0.698224 0.6451925 0
vt 0.6760624 0.6428645 0
vt 0.6036153 0.6999221 0
vt 0.6215436 0.7091118 0
vt 0.6257372 0.7089897 0
vt 0.6404863 0.7134596 0
vt 0.6529921 0.7126686 0
vt 0.6592078 0.7055228 0
vt 0.6674673 0.6811271 0
vt 0.6705837 0.6641861 0
vt 0.6634675 0.6623928 0
vt 0.5850068 0.71658 0
vt 0.5759101 0.6855223 0
vt 0.5373387 0.6473541 0
vt 0.464 0.6145714 0
vt 0.5301786 0.6061438 0
vt 0.5570184 0.6196611 0
vt 0.570582 0.6496177 0
vt 0.5663148 0.6091479 0
vt 0.5848929 0.645297 0
vt 0.5922962 0.6826929 0
vt 0.8333375 0.6298745 0
vt 0.836092 0.6275285 0
vt 0.5287494 0.5908616 0
vt 0.4698836 0.5962706 0
vt 0.5450804 0.7541865 0
vt 0.4806612 0.7639117 0
vt 0.6558837 0.7284414 0
vt 0.6942556 0.7205593 0
vt 0.5503716 0.5946239 0
vt 0.5441858 0.6004489 0
vt 0.6830453 0.6079826 0
vt 0.6780147 0.6269539 0
vt 0.6686743 0.6403637 0
vt 0.02176923 0.7627338 0
vt 0.003906297 0.8293679 0
vt 0.1964371 0.5522513 0
vt 0.7938006 0.1312832 0
vt 0.6909744 0.1268789 0
vt 0.2262346 0.5480315 0
vt 0.2350917 0.7203202 0
vt 0.2250822 0.7370563 0
vt 0.2135228 0.7396848 0
vt 0.6969471 0.428436 0
vt 0.180612 0.7405807 0
vt 0.1219075 0.5904328 0
vt 0.1863351 0.7513969 0
vt 0.01630138 0.7747368 0
vt 0.08115264 0.7702994 0
vt 0.09718034 0.833895 0
vt 0.7496719 0.0732627 0
vt 0.8198497 0.1018441 0
vt 0.09815721 0.7917619 0
vt 0.007670713 0.8091841 0
vt 0.148794 0.7624422 0
vt 0.1438279 0.753901 0
vt 0.08311114 0.6394387 0
vt 0.04369022 0.7172902 0
vt 0.1315895 0.7319055 0
vt 0.1718492 0.7182609 0
vt 0.2114344 0.702831 0
vt 0.2328645 0.6937353 0
vt 0.8683399 0.7717861 0
vt 0.09654719 0.5666391 0
vt 0.8709589 0.7625768 0
vt 0.7169811 0.9904288 0
vt 0.6359377 0.7346908 0
vt 0.8828236 0.7387187 0
vt 0.6012782 0.6887602 0
vt 0.464684 0.3666329 0
vt 0.4791081 0.2480239 0
vt 0.5077311 0.2954259 0
vt 0.4975695 0.2805843 0
vt 0.451059 0.3679424 0
vt 0.5084896 0.3092771 0
vt 0.881775 0.6092042 0
vt 0.5022705 0.3197485 0
vt 0.4930231 0.329333 0
vt 0.8889375 0.6652197 0
vt 0.5373887 0.9651387 0
vt 0.3224921 0.6169022 0
vt 0.8878697 0.6585126 0
vt 0.8887238 0.6478118 0
vt 0.4175063 0.5802608 0
vt 0.8881007 0.6408249 0
vt 0.009876752 0.5085139 0
vt 0.4861035 0.3714279 0
vt 0.36263 0.6734838 0
vt 0.48818 0.3664821 0
vt 0.02014035 0.5158925 0
vt 0.8655176 0.7951304 0
vt 0.3549771 0.6633018 0
vt 0.3531199 0.6794267 0
vt 0.8705639 0.5726925 0
vt 0.6335783 0.8519988 0
vt 0.4118127 0.5927136 0
vt 0.8635906 0.5569949 0
vt 0.4526938 0.4562322 0
vt 0.4039077 0.4858004 0
vt 0.3893636 0.4957221 0
vt 0.0307165 0.5227318 0
vt 0.4214925 0.5678873 0
vt 0.8396211 0.6270304 0
vt 0.05447787 0.5455102 0
vt 0.005412232 0.3093391 0
vt 0.006316476 0.3451195 0
vt 0.003906299 0.250033 0
vt 0.01255525 0.1826194 0
vt 0.8592174 0.8191201 0
vt 0.4789816 0.4021149 0
vt 0.4811935 0.3961599 0
vt 0.6044672 0.9449944 0
vt 0.294411 0.5796765 0
vt 0.8836322 0.625516 0
vt 0.1050727 0.5776496 0
vt 0.8835592 0.620981 0
vt 0.6553063 0.9960937 0
vt 0.3052995 0.5884837 0
vt 0.3857777 0.04270204 0
vt 0.8744094 0.5859573 0
vt 0.8901419 0.7248396 0
vt 0.3779349 0.5130485 0
vt 0.09627138 0.5866182 0
vt 0.7675924 0.458098 0
vt 0.7496362 0.4030141 0
vt 0.2450545 0.7429982 0
vt 0.6538384 0.09741969 0
vt 0.434261 0.8708636 0
vt 0.3270282 0.5809162 0
vt 0.2142143 0.751863 0
vt 0.6542876 0.122012 0
vt 0.2537219 0.6794267 0
vt 0.8467081 0.6274656 0
vt 0.4263446 0.09654516 0
vt 0.5910782 0.9857839 0
vt 0.599717 0.7115304 0
vt 0.5584316 0.5534872 0
vt 0.7513315 0.003906255 0
vt 0.4783695 0.9283938 0
vt 0.4352781 0.1174322 0
vt 0.849832 0.8477913 0
vt 0.4384799 0.3703772 0
vt 0.4352669 0.369592 0
vt 0.3250978 0.6302859 0
vt 0.4420109 0.3708287 0
vt 0.3243331 0.6299417 0
vt 0.4035117 0.6176557 0
vt 0.1970852 0.3482241 0
vt 0.2014746 0.3103786 0
vt 0.1930882 0.3161271 0
vt 0.05484621 0.5462868 0
vt 0.2006185 0.287678 0
vt 0.1437269 0.8379591 0
vt 0.5746426 0.4815616 0
vt 0.7874792 0.03916237 0
vt 0.5756431 0.05793107 0
vt 0.5507598 0.003906257 0
vt 0.1771473 0.5157252 0
vt 0.6911084 0.2721346 0
vt 0.2509402 0.4474539 0
vt 0.7197011 0.3082369 0
vt 0.5979814 0.07747647 0
vt 0.6026579 0.3328535 0
vt 0.5299752 0.3201671 0
vt 0.9140695 0.05020359 0
vt 0.4042302 0.4994416 0
vt 0.6557902 0.3079674 0
vt 0.2504129 0.3927941 0
vt 0.1894773 0.7633022 0
vt 0.2347892 0.1476657 0
vt 0.2453788 0.6913816 0
vt 0.9319859 0.1058993 0
vt 0.8414277 0.06301263 0
vt 0.8874651 0.7291227 0
vt 0.5040352 0.4011176 0
vt 0.4114741 0.01259792 0
vt 0.2453681 0.5468322 0
vt 0.04508083 0.5345709 0
#end 836 textures vertices 

#begin 720 normals 
vn 7e-06 0.698893 0.715226
vn -7e-06 0.836663 0.547717
vn -0.58593 0.593924 0.551308
vn -0.484784 0.498856 0.71842
vn -0.826074 0.010448 0.563464
vn -0.685806 0.016364 0.727601
vn -0.580308 -0.571179 0.580515
vn -0.484923 -0.467971 0.738818
vn -1.3e-05 -0.80899 0.587823
vn 1e-06 -0.668666 0.743563
vn 0.580299 -0.571182 0.58052
vn 0.484918 -0.46798 0.738816
vn 0.826058 0.01045 0.563488
vn 0.685803 0.016369 0.727603
vn 0.585928 0.593933 0.5513
vn 0.484784 0.498868 0.718412
vn 1e-06 0.019943 0.999801
vn 7.7e-05 0.394832 0.918753
vn 4.4e-05 0.537582 0.843212
vn 4.6e-05 0.642078 0.766639
vn 0.000188 0.332021 0.943272
vn 0.000344 -0.472837 0.88115
vn 0.000236 -0.942643 0.333802
vn 8.5e-05 -0.173614 0.984814
vn 4.1e-05 0.526739 0.850027
vn 0.000539 -0.518971 0.854792
vn -0.000474 -0.810862 -0.585238
vn 9.4e-05 -0.61584 0.787871
vn 3.8e-05 -0.983027 0.18346
vn 3.3e-05 -0.985698 0.168519
vn -3.4e-05 -0.849944 -0.526872
vn -0.000106 0.0093 -0.999957
vn -9.7e-05 -0.234807 -0.972042
vn -9.6e-05 -0.200035 -0.979789
vn 8.8e-05 0.03195 0.999489
vn 0.000137 -0.72368 0.690135
vn -0.000359 0.084322 0.996439
vn -0.000276 -0.970178 0.242392
vn 0.000109 -0.137597 0.990488
vn 8.4e-05 0.021908 0.99976
vn 0.000132 -0.20782 0.978167
vn 9.7e-05 -0.770203 0.637798
vn 0.00102 0.908452 -0.417987
vn 0.000305 0.191324 0.981527
vn -0.000103 0.344252 -0.938877
vn -6e-06 -0.251086 0.967965
vn 0.000254 -0.066557 0.997783
vn 2.3e-05 -0.999439 0.033499
vn 0.000493 0.999932 0.011683
vn -0.003574 -0.393997 0.919105
vn 1.4e-05 0.961757 0.273903
vn 6.7e-05 0.631626 0.775273
vn -4.1e-05 0.970801 -0.239888
vn -5.2e-05 0.929292 -0.369346
vn -2.6e-05 0.993685 -0.112208
vn -7.9e-05 0.75742 -0.652929
vn -0.0001 0.405411 -0.914135
vn 0.000105 0.157148 0.987575
vn -0.000102 0.03318 -0.999449
vn 9.9e-05 0.185056 0.982728
vn 9.6e-05 0.083631 0.996497
vn 0.000101 0.213114 0.977027
vn 0.080608 0.946014 0.313941
vn 0.739381 0.360767 0.568474
vn 0.751868 0.216006 0.622925
vn 0.706603 -0.33913 0.62105
vn 0.724768 0.252356 0.641115
vn 0.467162 -0.828037 0.310023
vn 0.777496 0.327179 0.537079
vn 0.803033 0.242147 0.544521
vn 0.69176 0.490212 0.530245
vn 0.785348 0.441034 0.434417
vn 0.5128 -0.727808 0.455338
vn 0.598239 -0.618945 0.508937
vn 0.888029 -0.167468 0.428204
vn 0.795415 -0.223285 0.563435
vn 0.761568 -0.543266 0.353379
vn 0.417672 -0.491546 0.764155
vn 0.306467 -0.45778 0.834575
vn 0.298934 0.461642 0.835179
vn -0.141848 -0.969209 -0.201279
vn 0.451607 -0.473169 0.756414
vn -0.318929 -0.851336 -0.416546
vn 0.584275 -0.23651 0.776328
vn 0.434465 -0.538716 0.721821
vn -0.387167 -0.769715 -0.507583
vn -0.505432 -0.78174 -0.365268
vn 0.594459 0.351316 0.723323
vn 0.038849 -0.804123 0.593192
vn 0.115285 -0.761064 0.63835
vn 0.17537 -0.824892 0.537399
vn 0.172851 -0.745884 0.643257
vn 0.391128 -0.463735 0.794964
vn -0.004784 -0.798359 0.602162
vn -0.088872 -0.025229 0.995723
vn 0.644021 0.005139 0.764991
vn 0.502118 -0.384984 0.77438
vn 0.23797 0.597541 0.765712
vn 0.114938 0.438841 0.891184
vn 0.268523 -0.942958 0.196788
vn 0.44712 -0.554523 0.701846
vn 0.28389 -0.948889 0.1379
vn 0.754073 -0.420613 0.50444
vn 0.535173 -0.827928 0.167703
vn 0.46937 0.098158 0.877529
vn 0.261996 -0.106344 0.959192
vn 0.32992 -0.769826 0.54637
vn 0.323331 -0.665358 0.672871
vn 0.755733 0.014362 0.654722
vn 0.493078 -0.470362 0.73187
vn 0.237513 0.419484 0.87614
vn 0.302406 0.238023 0.922982
vn 0.471986 0.367812 0.801214
vn 0.679431 0.177969 0.711829
vn 0.300168 0.258666 0.918146
vn 0.848854 -0.219224 0.481028
vn 0.848193 0.021904 0.529234
vn 0.529974 0.070716 0.84506
vn 0.645561 -0.13515 0.751655
vn 0.97618 -0.170753 0.133852
vn 0.573507 -0.145238 -0.806223
vn 0.389073 -0.730404 -0.561366
vn 0.482352 -0.277033 -0.831017
vn 0.449927 -0.245677 -0.858608
vn 0.961525 -0.246189 0.121906
vn 0.595118 -0.781501 0.187324
vn 0.79645 -0.311225 -0.518465
vn 0.80934 -0.227267 -0.541589
vn -0.2132 -0.159759 -0.963858
vn 0.635476 -0.556484 -0.535252
vn 0.956592 -0.178566 0.230316
vn 0.936446 -0.196403 0.290679
vn 0.003311 0.307914 -0.951408
vn 0.967181 -0.204101 0.151343
vn -0.325628 0.924544 -0.197951
vn 0.982614 -0.185148 0.013771
vn 0.25216 0.250125 0.934801
vn 0.523573 0.292593 0.800163
vn -0.650138 0.571499 -0.500709
vn 0.62511 -0.087689 0.775596
vn 0.316819 -0.576551 0.753136
vn 0.413894 0.144415 0.898797
vn 0.936412 -0.238092 0.257767
vn 0.692711 0.204556 0.691598
vn 0.471633 -0.617252 0.629732
vn 0.632633 -0.557324 0.537741
vn 0.771053 0.066753 0.633262
vn 0.908888 0.08527 0.408229
vn 0.763145 0.534883 0.362643
vn 0.830346 0.227281 0.508792
vn 0.443964 0.511119 0.735971
vn 0.410643 0.279687 0.867841
vn 0.96963 -0.048452 0.23973
vn 0.188217 -0.940841 0.281768
vn 0.856916 0.318775 0.405065
vn 0.521008 0.013855 0.853439
vn 0.968336 0.089585 0.233023
vn 0.832255 0.247814 0.495923
vn 0.457408 -0.138003 0.878483
vn 0.361171 0.050069 0.931154
vn 0.628119 -0.145307 0.764429
vn 0.528425 -0.293146 0.796764
vn 0.579004 -0.091948 0.810124
vn 0.671669 -0.168475 0.721441
vn 0.807538 -0.252551 0.533011
vn 0.807469 -0.381792 0.449698
vn 0.113991 0.909762 0.399173
vn 0.442438 -0.893547 0.076309
vn 0.741663 -0.195615 0.641616
vn 0.823635 -0.315339 -0.471367
vn 0.701825 -0.192836 0.685752
vn 0.362062 -0.483063 0.797221
vn 0.942026 -0.23347 0.240996
vn 0.974165 -0.076701 0.212415
vn 0.982733 -0.051892 0.177603
vn 0.656421 0.199633 0.727501
vn 0.593409 0.14912 0.790967
vn 0.491864 -0.720507 0.488814
vn 0.949713 -0.311431 0.032495
vn 0.655487 0.032632 0.754501
vn 0.650994 0.012023 0.758988
vn -0.234882 0.661644 -0.71208
vn -0.141517 0.847467 -0.511637
vn 0.667735 0.494933 0.556032
vn 0.371141 0.201146 0.906529
vn 0.602218 -0.278419 0.748209
vn 0.520909 -0.125184 0.844383
vn 0.60193 -0.09916 0.792368
vn 0.419174 0.377168 -0.825856
vn 0.971429 0.007877 0.237199
vn 0.910943 0.247881 -0.329755
vn 0.866565 -0.048707 0.496682
vn -0.308302 -0.950988 0.023905
vn -0.963286 0.101792 0.248432
vn 0.01782 0.999818 -0.006742
vn -0.2051 -0.126281 0.97056
vn 0.227564 0.604749 0.763212
vn 0.219323 0.936457 0.273761
vn 0.243721 0.90651 -0.344731
vn 0.248191 0.942306 -0.224634
vn 0.779386 0.299588 0.550277
vn 0.865923 0.42191 0.268645
vn 0.245192 0.965037 -0.092651
vn 0.21998 0.761786 -0.609336
vn 0.321669 0.357564 -0.876742
vn 0.34682 0.104273 0.932118
vn 0.722583 -0.023336 0.69089
vn 0.850364 -0.048371 0.523967
vn 0.979707 -0.004985 0.200373
vn 0.997173 -0.003606 -0.075056
vn 0.840538 0.049125 -0.53952
vn 0.417951 0.070719 -0.905713
vn 0.906884 0.414481 0.075946
vn 0.885005 0.416749 -0.207574
vn 0.741321 0.340872 -0.578144
vn 0.105579 -0.907113 -0.40743
vn 0.841761 -0.517564 0.153514
vn -0.236187 -0.046289 -0.970604
vn 0.968892 -0.129649 0.210806
vn 0.955595 -0.287094 0.066451
vn -0.171822 -0.418536 -0.891799
vn 0.883704 -0.048862 0.465489
vn 0.927021 -0.02923 0.373869
vn 0.831059 0.155267 0.534072
vn 0.885557 0.348603 0.307026
vn -0.558605 0.680769 -0.47383
vn 0.095889 0.210573 0.972864
vn 0.97762 -0.210365 -0.002195
vn 0.929364 -0.161698 0.331867
vn 0.800459 -0.595612 -0.067171
vn 0.836582 -0.448673 0.314363
vn 0.959958 -0.266664 -0.085851
vn -0.02056 -0.81069 0.585115
vn 0.50145 -0.513308 0.696465
vn 0.629619 -0.437931 0.641713
vn 0.913371 -0.066197 0.40171
vn 0.962776 0.098707 0.251634
vn 0.921884 -0.148967 0.357685
vn 0.448758 -0.094117 0.888683
vn 0.59082 0.212582 0.778293
vn 0.656963 0.257486 0.708591
vn 0.588862 0.238854 0.772134
vn 0.034488 0.867677 0.495931
vn 0.755428 -0.598886 0.265828
vn 0.736145 -0.676431 -0.02306
vn 0.919519 -0.301712 0.251904
vn 0.869581 -0.292625 0.397742
vn 0.665772 -0.744498 0.049697
vn 0.873221 -0.19537 0.446447
vn 0.374319 0.035598 0.926616
vn 0.705838 -0.009876 0.708305
vn 0.844523 -0.047109 0.533443
vn 0.955949 0.052601 0.288782
vn 0.762466 -0.044941 0.645466
vn 0.895391 -0.065277 0.440471
vn 0.483908 0.816065 0.316024
vn 0.529995 0.847865 0.015183
vn 0.518425 0.840962 -0.154979
vn 0.510501 0.802337 -0.309265
vn 0.476753 0.679349 -0.557845
vn 0.505746 0.407839 0.76019
vn 0.682336 -0.689095 0.24406
vn 0.335684 -0.63658 0.694322
vn 0.897343 0.034273 0.440001
vn 0.839286 -0.037678 0.542384
vn 0.939553 0.106166 0.325529
vn 0.863142 0.193451 0.466437
vn 0.616864 0.233289 0.751702
vn 0.321856 0.211568 0.922848
vn 0.107992 0.896943 0.428755
vn 0.843016 0.010552 0.537785
vn 0.896097 -0.150316 0.417631
vn 0.980593 -0.088024 0.175183
vn 0.988862 -0.076677 0.127567
vn 0.980113 -0.169253 0.103596
vn 0.218796 0.61637 0.75645
vn 0.736969 0.455633 0.499274
vn -7.3e-05 0.68438 0.729125
vn 0.1026 0.670533 0.734751
vn 0.342159 0.551835 -0.76053
vn -9.8e-05 0.456859 -0.889539
vn 0.773965 0.62628 -0.093551
vn 7.8e-05 0.525758 0.850634
vn 0.749416 0.341041 0.567508
vn 0.834477 0.224816 0.503096
vn 0.000155 -0.469968 0.882684
vn 0.386455 -0.398229 0.831905
vn 0.579111 -0.306359 0.755497
vn 0.655908 -0.228467 0.719435
vn 0.682953 -0.06852 0.727242
vn 0.684039 0.060959 0.726894
vn 0.612207 0.065466 0.787983
vn 0.302544 0.210361 0.929632
vn 0.000138 0.107246 0.994232
vn -2.3e-05 0.602821 0.797877
vn 0.731932 0.430233 0.528371
vn 0.81095 0.445381 0.379468
vn 0.832935 0.478953 0.277172
vn 0.946492 0.282977 0.155165
vn 0.413851 0.051429 0.908891
vn 0.573481 0.296574 0.763651
vn 0.445809 0.259949 0.856552
vn 0.000199 0.210166 0.977666
vn 0.41824 0.045112 0.907216
vn 0.613543 -0.081526 0.785441
vn 0.717743 -0.176546 0.673555
vn 0.659275 -0.093209 0.746102
vn 0.414221 0.059076 0.908257
vn 0.0001 0.11689 0.993145
vn 0.325414 0.086095 0.941644
vn 0.54785 0.18907 0.814931
vn 0.798658 0.244963 0.549671
vn 0.744661 0.329393 0.580499
vn 9.4e-05 0.508463 0.861084
vn 0.288028 0.01402 0.957519
vn 0.790798 -0.271234 0.5487
vn 0.855158 -0.230683 0.464208
vn 0.836989 -0.320388 0.443622
vn 0.598091 -0.790356 0.132759
vn 0.582969 -0.754624 0.301146
vn 0.864174 -0.294607 0.407933
vn 0.933899 -0.202058 0.294965
vn 0.977961 -0.152446 0.142665
vn 0.929217 -0.368399 -0.028963
vn -0.50948 0.181226 -0.841182
vn -0.368081 0.320904 -0.872661
vn 0.981578 0.024508 0.189482
vn 0.865208 -0.123212 0.486039
vn 0.893808 -0.113926 0.433738
vn 0.914861 -0.011321 0.40361
vn 0.900504 0.037689 0.433212
vn 0.850614 -0.010073 0.525694
vn 0.923586 -0.003208 0.383378
vn 0.982765 -0.184838 0.002734
vn 0.96297 -0.252525 0.094439
vn 0.822811 -0.291916 -0.487614
vn -8.8e-05 -0.203058 -0.979167
vn 0.574813 -0.192852 -0.795235
vn 0.83779 -0.204585 -0.506214
vn 0.937514 -0.326682 0.119777
vn 0.949336 -0.290977 0.118719
vn 0.893671 -0.294274 0.338755
vn 0.859881 -0.199538 0.469883
vn 0.858961 -0.13438 0.494094
vn 0.845423 -0.364273 0.390597
vn 0.932886 -0.281536 0.224635
vn 0.785119 -0.477886 -0.39397
vn 0.460219 -0.743321 -0.485461
vn -4.9e-05 -0.821029 -0.570887
vn 0.85639 -0.1275 -0.50034
vn 0.617835 -0.126458 -0.776073
vn 0.966972 -0.16044 0.19805
vn 0.974121 0.071263 0.214498
vn 0.984208 -0.176967 -0.004183
vn 0.921686 -0.354433 -0.157711
vn 0.899871 -0.383855 -0.207095
vn 0.962288 -0.214735 -0.167003
vn 0.876396 -0.460193 -0.141957
vn 0.212121 0.61515 0.759339
vn 0.229776 0.899803 0.370887
vn 8.3e-05 0.463812 0.885934
vn 0.121611 0.464377 0.877248
vn -0.0001 0.407269 -0.913308
vn 0.250217 0.803719 -0.539839
vn 0.312059 0.947589 0.068509
vn 0.068832 0.455158 0.887746
vn -0.140101 0.648346 0.748344
vn -0.202191 0.741043 0.640292
vn 0.122584 0.769302 0.627014
vn 0.588992 0.210585 0.780219
vn 0.155331 0.68303 0.713682
vn 0.165236 0.487194 0.857519
vn 0.118476 0.809296 0.575329
vn 0.145249 0.961932 0.231492
vn 0.133434 0.937534 0.321288
vn 0.264004 0.864259 0.428204
vn 0.38174 0.924172 -0.013469
vn 0.218963 0.652311 -0.725635
vn -9.9e-05 0.420055 -0.907498
vn 0.168515 0.92775 0.332991
vn 0.160055 0.956125 0.24537
vn 0.068668 0.920292 0.385159
vn 0.149369 0.67894 0.718839
vn 0.259697 0.504605 0.823366
vn 0.245099 0.504216 0.828065
vn 0.241625 0.537884 0.80765
vn 0.185503 0.529213 0.827963
vn 0.117724 0.493425 0.861784
vn 0.055021 0.479166 0.875998
vn 7.9e-05 0.489237 0.872151
vn 0.000117 0.698894 0.715225
vn 9.2e-05 0.836663 0.547718
vn 0.586024 0.593944 0.551187
vn 0.484915 0.498873 0.71832
vn 0.826189 0.010476 0.563295
vn 0.685955 0.016388 0.727459
vn 0.580447 -0.571159 0.580396
vn 0.485091 -0.467954 0.738719
vn 0.000162 -0.80899 0.587822
vn 0.000176 -0.668666 0.743563
vn -0.580161 -0.571202 0.580638
vn -0.48475 -0.467996 0.738916
vn -0.825943 0.010421 0.563658
vn -0.685654 0.016345 0.727745
vn -0.585836 0.593913 0.55142
vn -0.484654 0.498851 0.718511
vn 0.000204 0.019943 0.999801
vn -0.080574 0.946011 0.313959
vn -0.740765 0.35987 0.56724
vn -0.753074 0.215342 0.621698
vn -0.70822 -0.338382 0.619614
vn -0.726387 0.251627 0.639567
vn -0.469474 -0.826611 0.310336
vn -0.777397 0.327151 0.53724
vn -0.802929 0.24212 0.544686
vn -0.6934 0.489235 0.529005
vn -0.785273 0.441007 0.434579
vn -0.512685 -0.727819 0.455448
vn -0.598112 -0.618969 0.509057
vn -0.887935 -0.167499 0.428386
vn -0.79529 -0.223315 0.563599
vn -0.761476 -0.543293 0.353535
vn -0.418538 -0.492104 0.763321
vn -0.307476 -0.457152 0.834548
vn -0.299551 0.46141 0.835087
vn 0.142846 -0.968618 -0.203404
vn -0.451433 -0.473187 0.756507
vn 0.319426 -0.851173 -0.416499
vn -0.584113 -0.23652 0.776447
vn -0.434299 -0.538727 0.721912
vn 0.387635 -0.76925 -0.507931
vn 0.505389 -0.781711 -0.36539
vn -0.594321 0.351295 0.723446
vn -0.038703 -0.804123 0.593202
vn -0.115127 -0.761071 0.63837
vn -0.175231 -0.824898 0.537436
vn -0.172698 -0.74589 0.643291
vn -0.390948 -0.463753 0.795043
vn 0.00494 -0.798361 0.60216
vn 0.089077 -0.025226 0.995705
vn -0.643865 0.005113 0.765122
vn -0.501946 -0.385003 0.774483
vn -0.237834 0.597532 0.765761
vn -0.114768 0.438837 0.891207
vn -0.268906 -0.942831 0.196872
vn -0.44761 -0.554283 0.701723
vn -0.284181 -0.948806 0.137873
vn -0.753954 -0.420639 0.504594
vn -0.535112 -0.827946 0.167813
vn -0.469192 0.098141 0.877626
vn -0.26205 -0.106605 0.959148
vn -0.329781 -0.769838 0.546437
vn -0.323171 -0.66537 0.672937
vn -0.755599 0.014336 0.654877
vn -0.492911 -0.47038 0.731971
vn -0.237346 0.419476 0.876189
vn -0.302224 0.238012 0.923044
vn -0.471832 0.367796 0.801312
vn -0.679289 0.177944 0.711971
vn -0.299987 0.258655 0.918208
vn -0.848747 -0.219253 0.481203
vn -0.848085 0.021875 0.529408
vn -0.529803 0.070698 0.845169
vn -0.645402 -0.135172 0.751788
vn -0.976146 -0.170788 0.134053
vn -0.573699 -0.145264 -0.806082
vn -0.389228 -0.730384 -0.561285
vn -0.482531 -0.277044 -0.830909
vn -0.4501 -0.245685 -0.858515
vn -0.961491 -0.246223 0.122104
vn -0.595052 -0.781523 0.187446
vn -0.796546 -0.311252 -0.518301
vn -0.809444 -0.227295 -0.541422
vn 0.213005 -0.159752 -0.963902
vn -0.63557 -0.556506 -0.535119
vn -0.956539 -0.178599 0.230513
vn -0.93638 -0.196435 0.290872
vn -0.003518 0.307909 -0.951409
vn -0.967142 -0.204134 0.151542
vn 0.325561 0.924553 -0.198019
vn -0.982605 -0.185182 0.013973
vn -0.252224 0.250179 0.934769
vn -0.523418 0.292575 0.80027
vn 0.650012 0.571522 -0.500846
vn -0.624948 -0.087714 0.775723
vn -0.317401 -0.576265 0.753111
vn -0.418067 0.144227 0.896894
vn -0.936351 -0.238125 0.257959
vn -0.692576 0.204533 0.69174
vn -0.471481 -0.617269 0.629828
vn -0.632502 -0.557347 0.537871
vn -0.770926 0.066727 0.63342
vn -0.908807 0.085239 0.408416
vn -0.763091 0.534855 0.362798
vn -0.830249 0.227253 0.508963
vn -0.443831 0.511103 0.736062
vn -0.410474 0.279673 0.867925
vn -0.969579 -0.048486 0.239929
vn -0.188547 -0.940754 0.281837
vn -0.856844 0.318746 0.40524
vn -0.520833 0.013839 0.853547
vn -0.968291 0.089551 0.233222
vn -0.832161 0.247785 0.496095
vn -0.457926 -0.137977 0.878218
vn -0.361577 0.049905 0.931006
vn -0.627956 -0.145327 0.764559
vn -0.52825 -0.293163 0.796873
vn -0.578834 -0.091968 0.810243
vn -0.671515 -0.168498 0.721579
vn -0.807419 -0.252578 0.533178
vn -0.807363 -0.38182 0.449864
vn -0.113942 0.90976 0.399193
vn -0.442391 -0.893562 0.0764
vn -0.741524 -0.195641 0.641768
vn -0.823721 -0.315368 -0.471197
vn -0.701677 -0.19286 0.685897
vn -0.362833 -0.483733 0.796464
vn -0.941968 -0.233502 0.24119
vn -0.974118 -0.076735 0.212616
vn -0.982695 -0.051925 0.177806
vn -0.656278 0.19961 0.727637
vn -0.59325 0.149104 0.791089
vn -0.49216 -0.720405 0.488667
vn -0.949696 -0.311464 0.03269
vn -0.655332 0.03261 0.754637
vn -0.650839 0.012001 0.759121
vn 0.235302 0.661269 -0.712289
vn 0.141693 0.846979 -0.512397
vn -0.667638 0.49491 0.556169
vn -0.371228 0.201138 0.906495
vn -0.602585 -0.278204 0.747993
vn -0.521002 -0.125169 0.844328
vn -0.601837 -0.099193 0.792435
vn -0.419426 0.377151 -0.825735
vn -0.971381 0.007844 0.237398
vn -0.911019 0.24785 -0.329567
vn -0.866461 -0.048736 0.496861
vn 0.300157 -0.953471 0.02826
vn 0.963333 0.101825 0.248235
vn -0.007523 0.999908 -0.011282
vn 0.183304 -0.106878 0.977229
vn -0.227619 0.604711 0.763227
vn -0.219426 0.936422 0.273801
vn -0.243858 0.906493 -0.344678
vn -0.248328 0.942282 -0.224584
vn -0.779283 0.299562 0.550437
vn -0.865882 0.421881 0.268823
vn -0.245331 0.965007 -0.092597
vn -0.220143 0.761774 -0.609292
vn -0.321858 0.357551 -0.876678
vn -0.346917 0.104186 0.932091
vn -0.72244 -0.023361 0.691039
vn -0.850254 -0.0484 0.524142
vn -0.979666 -0.005019 0.200575
vn -0.997188 -0.00364 -0.074851
vn -0.840651 0.049096 -0.539347
vn -0.418135 0.070706 -0.905629
vn -0.906882 0.41445 0.076133
vn -0.885062 0.416719 -0.207392
vn -0.741451 0.340846 -0.577991
vn -0.105632 -0.907115 -0.407411
vn -0.84171 -0.517595 0.153686
vn 0.235989 -0.046281 -0.970653
vn -0.968844 -0.129682 0.211005
vn -0.955571 -0.287128 0.066648
vn 0.171654 -0.418529 -0.891834
vn -0.883606 -0.048893 0.465671
vn -0.926943 -0.029262 0.37406
vn -0.830954 0.155237 0.534243
vn -0.885506 0.348572 0.307208
vn 0.558483 0.680787 -0.473946
vn -0.095698 0.21057 0.972883
vn -0.977614 -0.210398 -0.001994
vn -0.929291 -0.16173 0.332058
vn -0.800452 -0.595639 -0.067008
vn -0.836501 -0.448702 0.314536
vn -0.959967 -0.266697 -0.085653
vn 0.020709 -0.81069 0.585109
vn -0.501289 -0.513325 0.696568
vn -0.629473 -0.437953 0.641842
vn -0.913286 -0.066229 0.401898
vn -0.962728 0.098673 0.251832
vn -0.921805 -0.148998 0.357875
vn -0.448572 -0.094133 0.888775
vn -0.590666 0.212562 0.778416
vn -0.656826 0.257464 0.708725
vn -0.588712 0.238835 0.772254
vn -0.034419 0.867674 0.495941
vn -0.755352 -0.598913 0.265983
vn -0.736125 -0.676457 -0.02291
vn -0.919456 -0.301744 0.252093
vn -0.869489 -0.292655 0.397922
vn -0.665735 -0.744522 0.049833
vn -0.873123 -0.195399 0.446627
vn -0.374398 0.035572 0.926586
vn -0.705691 -0.009901 0.70845
vn -0.844411 -0.047137 0.533617
vn -0.955891 0.052568 0.288978
vn -0.762331 -0.044968 0.645623
vn -0.895298 -0.065308 0.440655
vn -0.48387 0.816048 0.316125
vn -0.530021 0.847847 0.015292
vn -0.518486 0.840944 -0.154873
vn -0.510593 0.802319 -0.309159
vn -0.476893 0.679331 -0.557748
vn -0.505603 0.407822 0.760294
vn -0.682263 -0.689118 0.244199
vn -0.335519 -0.636594 0.694389
vn -0.897254 0.034242 0.440185
vn -0.839172 -0.037707 0.542557
vn -0.939489 0.106134 0.325722
vn -0.863052 0.193421 0.466615
vn -0.616717 0.233267 0.751829
vn -0.321959 0.21153 0.92282
vn -0.107932 0.896939 0.428778
vn -0.842906 0.010523 0.537958
vn -0.896006 -0.150347 0.417815
vn -0.980554 -0.088058 0.175385
vn -0.988833 -0.076711 0.12777
vn -0.980086 -0.169287 0.103798
vn -0.218661 0.616363 0.756494
vn -0.736882 0.455607 0.499426
vn -0.10247 0.670531 0.734771
vn -0.34237 0.551827 -0.76044
vn -0.774006 0.626253 -0.093392
vn -0.75087 0.340065 0.566171
vn -0.834382 0.224787 0.503268
vn -0.388547 -0.397419 0.831318
vn -0.578944 -0.306382 0.755614
vn -0.655753 -0.228492 0.719569
vn -0.6828 -0.068544 0.727383
vn -0.683892 0.060938 0.727034
vn -0.612047 0.065445 0.788109
vn -0.304048 0.209993 0.929224
vn -0.733409 0.429225 0.527141
vn -0.810885 0.445359 0.379632
vn -0.832896 0.478922 0.277342
vn -0.946471 0.282942 0.155359
vn -0.413666 0.051415 0.908976
vn -0.573333 0.296553 0.76377
vn -0.446768 0.259962 0.856048
vn -0.418054 0.045097 0.907302
vn -0.613379 -0.081547 0.785568
vn -0.717599 -0.176571 0.673702
vn -0.659119 -0.093232 0.746237
vn -0.414674 0.05899 0.908056
vn -0.325223 0.086084 0.941711
vn -0.547689 0.189051 0.815044
vn -0.798554 0.244936 0.549835
vn -0.746113 0.328452 0.579168
vn -0.287832 0.01401 0.957579
vn -0.790675 -0.271261 0.548863
vn -0.855055 -0.230712 0.464385
vn -0.836887 -0.320417 0.443795
vn -0.598034 -0.790378 0.132883
vn -0.582881 -0.754644 0.301267
vn -0.86408 -0.294637 0.408111
vn -0.933832 -0.20209 0.295157
vn -0.977926 -0.152479 0.142867
vn -0.929209 -0.368432 -0.028772
vn 0.5093 0.181243 -0.841287
vn 0.36789 0.320915 -0.872737
vn -0.98154 0.024474 0.189684
vn -0.865104 -0.123241 0.486217
vn -0.893714 -0.113957 0.433922
vn -0.914778 -0.011352 0.403798
vn -0.900416 0.037658 0.433397
vn -0.850505 -0.010102 0.525869
vn -0.923507 -0.00324 0.383567
vn -0.982758 -0.184871 0.002936
vn -0.962942 -0.252558 0.094637
vn -0.822901 -0.291945 -0.487445
vn -0.575008 -0.192869 -0.79509
vn -0.837888 -0.204613 -0.506041
vn -0.937478 -0.326714 0.119971
vn -0.949301 -0.291009 0.118915
vn -0.893592 -0.294305 0.338937
vn -0.859777 -0.199568 0.47006
vn -0.858854 -0.13441 0.494271
vn -0.845329 -0.364302 0.390771
vn -0.932831 -0.281567 0.224827
vn -0.785184 -0.477913 -0.393809
vn -0.460351 -0.743299 -0.48537
vn -0.856488 -0.12753 -0.500164
vn -0.61799 -0.126479 -0.775946
vn -0.966926 -0.160472 0.198249
vn -0.974079 0.07123 0.214699
vn -0.984203 -0.177001 -0.00398
vn -0.921706 -0.354465 -0.15752
vn -0.899901 -0.383884 -0.206909
vn -0.962315 -0.214769 -0.166805
vn -0.87641 -0.460222 -0.141777
vn -0.211986 0.615143 0.759382
vn -0.229731 0.899796 0.370933
vn -0.121446 0.464373 0.877273
vn -0.250358 0.803713 -0.539783
vn -0.312078 0.947579 0.068573
vn -0.068778 0.45514 0.88776
vn 0.140416 0.648277 0.748346
vn 0.202722 0.741042 0.640126
vn -0.122437 0.769322 0.627018
vn -0.588839 0.210564 0.78034
vn -0.155208 0.683026 0.713713
vn -0.165077 0.487188 0.857553
vn -0.118386 0.809292 0.575354
vn -0.145235 0.961928 0.231521
vn -0.133401 0.937529 0.321315
vn -0.263946 0.86425 0.428258
vn -0.381775 0.924159 -0.013391
vn -0.219144 0.652311 -0.72558
vn -0.168479 0.927744 0.333026
vn -0.160038 0.95612 0.245404
vn -0.06862 0.92029 0.385173
vn -0.149244 0.678935 0.718869
vn -0.259545 0.504596 0.823419
vn -0.244946 0.504208 0.828116
vn -0.241478 0.537876 0.807699
vn -0.185351 0.529207 0.828001
vn -0.117563 0.493422 0.861809
vn -0.05494 0.479138 0.876019
#end 720 normals 

#begin 744 faces
usemtl polySurface87_auv
g polySurface87_polySurface87_auv
f 1/1/1 16/16/16 15/15/15 2/2/2 
f 1/1/1 17/17/17 16/16/16 
f 2/2/2 3/3/3 4/4/4 1/1/1 
f 3/3/3 5/5/5 6/6/6 4/4/4 
f 4/4/4 17/17/17 1/1/1 
f 5/5/5 7/7/7 8/8/8 6/6/6 
f 6/6/6 17/17/17 4/4/4 
f 7/7/7 9/9/9 10/10/10 8/8/8 
f 8/8/8 17/17/17 6/6/6 
f 9/9/9 11/11/11 12/12/12 10/10/10 
f 10/10/10 17/17/17 8/8/8 
f 11/11/11 13/13/13 14/14/14 12/12/12 
f 12/12/12 17/17/17 10/10/10 
f 13/13/13 15/15/15 16/16/16 14/14/14 
f 14/14/14 17/17/17 12/12/12 
f 16/16/16 17/17/17 14/14/14 
f 18/18/18 65/65/65 172/172/172 41/41/41 
f 18/723/18 410/410/410 409/409/409 19/19/19 
f 19/729/19 64/64/64 65/65/65 18/18/18 
f 19/729/19 314/314/314 313/313/313 64/64/64 
f 19/19/19 409/409/409 650/650/650 314/726/314 
f 20/20/20 416/416/416 412/412/412 21/21/21 
f 21/730/21 67/67/67 71/71/71 20/731/20 
f 21/21/21 412/412/412 411/411/411 22/22/22 
f 22/733/22 66/66/66 67/67/67 21/730/21 
f 22/22/22 411/411/411 413/413/413 23/23/23 
f 23/735/23 68/68/68 66/66/66 22/733/22 
f 23/23/23 413/413/413 499/499/499 38/38/38 
f 24/24/24 78/78/78 154/154/154 38/736/38 
f 24/24/24 303/303/303 302/302/302 78/78/78 
f 24/737/24 423/423/423 641/641/641 303/740/303 
f 25/25/25 294/294/294 293/293/293 80/80/80 
f 25/741/25 425/425/425 634/634/634 294/743/294 
f 26/26/26 424/424/424 426/426/426 27/27/27 
f 27/745/27 81/81/81 79/79/79 26/747/26 
f 27/744/27 426/748/426 48/48/48 
f 28/28/28 101/101/101 159/159/159 39/39/39 
f 28/755/28 446/446/446 445/445/445 29/29/29 
f 29/756/29 100/100/100 101/101/101 28/28/28 
f 29/29/29 445/445/445 447/447/447 30/30/30 
f 30/757/30 102/102/102 100/100/100 29/756/29 
f 30/30/30 447/447/447 523/523/523 42/42/42 
f 31/31/31 122/122/122 189/189/189 45/45/45 
f 31/31/31 349/349/349 348/348/348 122/122/122 
f 31/742/31 467/467/467 683/683/683 349/754/349 
f 32/32/32 466/466/466 468/468/468 33/33/33 
f 33/763/33 123/123/123 121/121/121 32/764/32 
f 33/33/33 468/468/468 469/469/469 34/34/34 
f 34/765/34 124/124/124 123/123/123 33/763/33 
f 34/34/34 469/469/469 685/685/685 557/557/557 59/59/59 
f 35/35/35 106/106/106 137/137/137 60/60/60 
f 35/749/35 451/451/451 517/517/517 41/721/41 
f 36/36/36 486/486/486 505/505/505 40/40/40 
f 37/37/37 142/142/142 183/183/183 43/43/43 
f 37/37/37 286/286/286 287/287/287 142/142/142 
f 37/774/37 487/487/487 628/628/628 286/734/286 
f 38/736/38 154/154/154 68/68/68 23/735/23 
f 38/38/38 499/499/499 423/423/423 24/737/24 
f 39/752/39 504/504/504 446/446/446 28/755/28 
f 40/768/40 160/160/160 141/141/141 36/769/36 
f 40/768/40 309/309/309 308/308/308 160/160/160 
f 40/40/40 505/505/505 646/646/646 309/778/309 
f 41/41/41 172/172/172 106/106/106 35/35/35 
f 41/721/41 517/517/517 410/410/410 18/723/18 
f 42/758/42 178/178/178 102/102/102 30/757/30 
f 42/42/42 523/523/523 531/531/531 46/46/46 
f 43/771/43 183/776/183 49/49/49 
f 43/772/43 528/528/528 487/487/487 37/774/37 
f 44/44/44 187/187/187 186/186/186 47/47/47 
f 44/785/44 368/368/368 369/369/369 185/185/185 
f 44/783/44 532/532/532 533/533/533 530/530/530 
f 44/784/44 700/700/700 699/699/699 278/278/278 
f 45/760/45 534/534/534 467/467/467 31/742/31 
f 46/780/46 186/186/186 178/178/178 42/758/42 
f 46/46/46 531/531/531 47/782/47 
f 47/47/47 186/186/186 46/780/46 
f 47/782/47 531/531/531 532/532/532 44/783/44 
f 48/751/48 81/750/81 27/746/27 
f 48/751/48 83/83/83 81/750/81 
f 48/751/48 193/193/193 86/86/86 83/83/83 
f 48/48/48 538/538/538 541/541/541 50/50/50 
f 49/49/49 195/195/195 196/196/196 50/790/50 
f 49/781/49 528/722/528 43/773/43 
f 49/781/49 540/540/540 527/527/527 528/722/528 
f 50/790/50 196/196/196 193/193/193 48/751/48 
f 50/50/50 541/541/541 540/540/540 49/781/49 
f 51/51/51 198/198/198 203/203/203 55/55/55 
f 51/724/51 543/543/543 542/542/542 52/52/52 
f 52/777/52 197/197/197 198/198/198 51/51/51 
f 52/52/52 542/542/542 551/551/551 58/58/58 
f 53/53/53 200/200/200 199/199/199 54/54/54 
f 53/793/53 545/770/545 548/548/548 55/775/55 
f 54/54/54 199/199/199 204/204/204 56/56/56 
f 54/738/54 544/544/544 545/770/545 53/793/53 
f 55/55/55 203/203/203 200/200/200 53/53/53 
f 55/775/55 548/548/548 543/543/543 51/724/51 
f 56/56/56 204/204/204 205/205/205 57/57/57 
f 56/797/56 549/549/549 544/544/544 54/738/54 
f 57/57/57 205/205/205 212/212/212 59/766/59 
f 57/786/57 550/550/550 549/549/549 56/797/56 
f 58/792/58 206/206/206 197/197/197 52/777/52 
f 58/58/58 551/551/551 595/595/595 61/61/61 
f 59/766/59 212/212/212 351/351/351 124/124/124 34/765/34 
f 59/59/59 557/557/557 550/550/550 57/786/57 
f 60/60/60 137/137/137 269/269/269 62/62/62 
f 60/767/60 482/482/482 451/451/451 35/749/35 
f 61/798/61 250/250/250 206/206/206 58/792/58 
f 61/61/61 595/595/595 614/614/614 62/799/62 
f 62/62/62 269/269/269 250/250/250 61/798/61 
f 62/799/62 614/614/614 482/482/482 60/767/60 
f 63/63/63 270/270/270 98/98/98 99/99/99 
f 64/64/64 69/69/69 70/70/70 65/65/65 
f 64/64/64 313/313/313 312/312/312 69/69/69 
f 66/66/66 76/76/76 150/150/150 67/67/67 
f 67/67/67 150/150/150 72/72/72 71/71/71 
f 68/68/68 73/73/73 76/76/76 66/66/66 
f 68/68/68 154/154/154 74/74/74 73/73/73 
f 69/69/69 113/113/113 151/151/151 70/70/70 
f 69/69/69 312/312/312 311/311/311 113/113/113 
f 70/70/70 146/146/146 172/172/172 65/65/65 
f 70/70/70 151/151/151 98/98/98 144/144/144 
f 71/71/71 296/296/296 295/295/295 20/731/20 
f 72/72/72 150/150/150 155/155/155 149/149/149 
f 72/72/72 297/297/297 296/296/296 71/71/71 
f 74/74/74 75/75/75 76/76/76 73/73/73 
f 74/74/74 77/77/77 120/120/120 75/75/75 
f 74/74/74 154/154/154 78/78/78 77/77/77 
f 75/75/75 155/155/155 150/150/150 76/76/76 
f 77/77/77 301/301/301 300/300/300 120/120/120 
f 78/78/78 302/302/302 301/301/301 77/77/77 
f 79/79/79 293/293/293 294/294/294 26/747/26 
f 80/80/80 293/293/293 292/292/292 88/88/88 
f 80/80/80 302/302/302 303/303/303 25/25/25 
f 81/81/81 83/728/83 82/82/82 79/79/79 
f 82/82/82 292/292/292 293/293/293 79/79/79 
f 83/728/83 86/732/86 85/85/85 82/82/82 
f 84/84/84 290/290/290 291/291/291 85/85/85 
f 85/85/85 86/732/86 87/87/87 84/84/84 
f 85/85/85 291/291/291 292/292/292 82/82/82 
f 86/86/86 193/193/193 87/802/87 
f 87/803/87 139/139/139 140/140/140 84/800/84 
f 87/802/87 193/193/193 194/194/194 139/804/139 
f 88/88/88 292/292/292 291/291/291 176/176/176 
f 88/88/88 301/301/301 302/302/302 80/80/80 
f 89/89/89 94/94/94 93/93/93 90/90/90 
f 89/89/89 227/227/227 94/94/94 
f 90/90/90 91/91/91 92/92/92 89/89/89 
f 90/90/90 108/108/108 107/107/107 91/91/91 
f 91/91/91 145/145/145 263/263/263 92/92/92 
f 92/92/92 227/227/227 89/89/89 
f 92/92/92 263/263/263 227/227/227 
f 93/93/93 110/110/110 108/108/108 90/90/90 
f 93/93/93 234/234/234 235/235/235 110/110/110 
f 94/94/94 233/233/233 234/234/234 93/93/93 
f 95/95/95 233/233/233 227/227/227 
f 95/95/95 243/243/243 242/242/242 96/96/96 
f 96/96/96 234/234/234 233/233/233 95/95/95 
f 96/96/96 242/242/242 241/241/241 109/109/109 
f 97/97/97 263/263/263 145/145/145 144/144/144 
f 97/97/97 270/270/270 227/227/227 
f 98/98/98 151/151/151 111/111/111 99/99/99 
f 99/99/99 115/115/115 167/167/167 63/63/63 
f 100/100/100 104/104/104 103/103/103 101/101/101 
f 102/102/102 168/168/168 104/104/104 100/100/100 
f 102/102/102 178/178/178 320/320/320 168/168/168 
f 103/103/103 169/169/169 159/159/159 101/101/101 
f 104/104/104 126/126/126 166/166/166 103/103/103 
f 104/104/104 168/168/168 126/126/126 
f 105/105/105 138/138/138 137/137/137 106/106/106 
f 105/105/105 147/147/147 158/158/158 138/138/138 
f 106/106/106 107/107/107 108/108/108 105/105/105 
f 106/106/106 172/172/172 146/146/146 107/107/107 
f 107/107/107 146/146/146 145/145/145 91/91/91 
f 108/108/108 110/110/110 147/147/147 105/105/105 
f 109/109/109 235/235/235 234/234/234 96/96/96 
f 109/109/109 241/241/241 117/117/117 148/148/148 
f 110/110/110 235/235/235 236/236/236 147/147/147 
f 111/111/111 151/151/151 113/113/113 112/112/112 
f 111/111/111 152/152/152 115/115/115 99/99/99 
f 112/112/112 118/118/118 152/152/152 111/111/111 
f 112/112/112 310/310/310 315/315/315 118/118/118 
f 113/113/113 311/311/311 310/310/310 112/112/112 
f 114/114/114 298/298/298 299/299/299 156/156/156 
f 114/114/114 311/311/311 312/312/312 285/285/285 
f 115/115/115 242/242/242 243/243/243 167/167/167 
f 116/116/116 173/173/173 153/153/153 117/117/117 
f 116/116/116 321/321/321 322/322/322 173/173/173 
f 117/117/117 118/118/118 119/119/119 116/116/116 
f 117/117/117 153/153/153 157/157/157 148/148/148 
f 117/117/117 241/241/241 152/152/152 118/118/118 
f 118/118/118 315/315/315 239/239/239 119/119/119 
f 119/119/119 316/316/316 321/321/321 116/116/116 
f 120/120/120 299/299/299 155/155/155 75/75/75 
f 120/120/120 300/300/300 156/156/156 299/299/299 
f 121/121/121 338/338/338 337/337/337 32/764/32 
f 122/122/122 348/348/348 347/347/347 170/170/170 
f 123/123/123 127/127/127 336/336/336 121/121/121 
f 124/124/124 128/128/128 127/127/127 123/123/123 
f 124/124/124 351/351/351 350/350/350 128/128/128 
f 125/125/125 231/231/231 188/188/188 192/192/192 
f 125/125/125 356/356/356 231/231/231 
f 126/126/126 319/319/319 318/318/318 166/166/166 
f 128/128/128 334/334/334 335/335/335 127/127/127 
f 128/128/128 350/350/350 136/136/136 334/334/334 
f 129/129/129 218/218/218 221/221/221 130/130/130 
f 129/129/129 325/325/325 326/326/326 218/218/218 
f 129/129/129 344/808/344 345/810/345 133/133/133 325/325/325 
f 130/130/130 221/221/221 216/216/216 
f 130/806/130 343/343/343 344/808/344 129/807/129 
f 130/130/130 358/358/358 232/232/232 
f 131/131/131 346/346/346 136/136/136 
f 131/131/131 352/352/352 346/346/346 
f 132/132/132 224/224/224 135/135/135 
f 132/132/132 329/329/329 328/328/328 224/224/224 
f 132/132/132 352/352/352 175/175/175 
f 133/133/133 345/810/345 346/346/346 135/135/135 
f 134/134/134 274/274/274 153/153/153 173/173/173 
f 134/134/134 323/323/323 324/324/324 143/143/143 
f 135/135/135 226/226/226 133/133/133 
f 135/135/135 346/346/346 352/352/352 132/132/132 
f 136/136/136 210/210/210 209/209/209 131/131/131 
f 136/136/136 346/346/346 345/810/345 334/334/334 
f 136/136/136 350/350/350 211/211/211 210/210/210 
f 138/138/138 268/268/268 269/269/269 137/137/137 
f 139/139/139 182/182/182 177/177/177 140/140/140 
f 139/804/139 195/195/195 182/739/182 
f 140/140/140 289/289/289 290/801/290 84/800/84 
f 141/141/141 287/287/287 286/286/286 36/769/36 
f 142/142/142 287/287/287 288/288/288 177/177/177 
f 143/143/143 174/174/174 274/274/274 134/134/134 
f 143/143/143 324/324/324 216/216/216 217/217/217 
f 143/143/143 332/332/332 331/331/331 174/174/174 
f 144/144/144 98/98/98 270/270/270 97/97/97 
f 144/144/144 145/145/145 146/146/146 70/70/70 
f 147/147/147 236/236/236 237/237/237 158/158/158 
f 148/148/148 236/236/236 235/235/235 109/109/109 
f 149/149/149 298/298/298 297/297/297 72/72/72 
f 152/152/152 241/241/241 242/242/242 115/115/115 
f 153/153/153 274/274/274 353/353/353 157/157/157 
f 155/155/155 299/299/299 298/298/298 149/149/149 
f 156/156/156 310/310/310 311/311/311 114/114/114 
f 157/157/157 237/237/237 236/236/236 148/148/148 
f 157/157/157 353/353/353 253/253/253 237/237/237 
f 158/158/158 267/267/267 268/268/268 138/138/138 
f 159/159/159 308/308/308 309/309/309 39/39/39 
f 160/160/160 163/163/163 162/162/162 141/141/141 
f 160/160/160 308/308/308 307/307/307 163/163/163 
f 161/161/161 289/289/289 288/288/288 162/162/162 
f 162/162/162 163/163/163 164/164/164 161/161/161 
f 162/162/162 288/288/288 287/287/287 141/141/141 
f 163/163/163 307/307/307 306/306/306 164/164/164 
f 164/164/164 181/181/181 180/180/180 161/161/161 
f 164/164/164 306/306/306 305/305/305 181/181/181 
f 165/165/165 306/306/306 307/307/307 169/169/169 
f 165/165/165 317/317/317 316/316/316 171/171/171 
f 166/166/166 165/165/165 169/169/169 103/103/103 
f 166/166/166 318/318/318 317/317/317 165/165/165 
f 167/167/167 227/227/227 63/63/63 
f 167/167/167 243/243/243 227/227/227 
f 168/168/168 320/320/320 319/319/319 126/126/126 
f 169/169/169 307/307/307 308/308/308 159/159/159 
f 170/170/170 191/191/191 189/189/189 122/122/122 
f 170/170/170 354/354/354 190/190/190 191/191/191 
f 171/171/171 305/305/305 306/306/306 165/165/165 
f 173/173/173 322/322/322 323/323/323 134/134/134 
f 174/174/174 331/331/331 330/330/330 175/175/175 
f 175/175/175 273/273/273 274/274/274 174/174/174 
f 175/175/175 330/330/330 329/329/329 132/132/132 
f 175/175/175 352/352/352 238/238/238 273/273/273 
f 176/176/176 240/240/240 301/301/301 88/88/88 
f 176/176/176 291/291/291 290/290/290 180/180/180 
f 177/177/177 182/182/182 183/183/183 142/142/142 
f 177/177/177 288/288/288 289/289/289 140/140/140 
f 179/179/179 246/246/246 245/245/245 230/230/230 
f 179/179/179 275/275/275 229/229/229 246/246/246 
f 179/179/179 356/356/356 357/357/357 275/275/275 
f 180/180/180 181/181/181 240/240/240 176/176/176 
f 180/180/180 290/801/290 289/289/289 161/161/161 
f 181/181/181 305/305/305 304/304/304 240/240/240 
f 183/776/183 182/739/182 195/195/195 49/49/49 
f 184/184/184 277/277/277 190/818/190 
f 184/814/184 380/380/380 376/376/376 277/815/277 
f 184/814/184 382/382/382 375/375/375 380/380/380 
f 185/787/185 188/188/188 187/187/187 44/44/44 
f 185/787/185 370/370/370 192/192/192 188/188/188 
f 186/186/186 187/187/187 320/320/320 178/178/178 
f 188/188/188 262/262/262 320/320/320 187/187/187 
f 189/189/189 280/280/280 281/281/281 45/45/45 
f 190/818/190 192/192/192 370/370/370 184/184/184 
f 190/190/190 277/816/277 282/282/282 191/191/191 
f 190/190/190 354/354/354 342/342/342 228/228/228 
f 191/191/191 282/282/282 280/280/280 189/189/189 
f 192/192/192 190/818/190 228/826/228 125/125/125 
f 193/193/193 196/196/196 194/194/194 
f 194/194/194 195/195/195 139/804/139 
f 194/194/194 196/196/196 195/195/195 
f 197/197/197 261/261/261 256/256/256 198/198/198 
f 198/198/198 256/256/256 257/257/257 203/203/203 
f 199/199/199 259/259/259 260/260/260 204/204/204 
f 200/200/200 258/258/258 259/259/259 199/199/199 
f 201/201/201 207/207/207 208/208/208 202/202/202 
f 201/201/201 261/261/261 206/206/206 207/207/207 
f 202/202/202 257/257/257 256/256/256 201/201/201 
f 203/203/203 257/257/257 258/258/258 200/200/200 
f 204/204/204 260/260/260 205/205/205 
f 205/205/205 215/215/215 211/211/211 212/212/212 
f 205/205/205 260/260/260 215/215/215 
f 206/206/206 250/250/250 251/251/251 207/207/207 
f 206/206/206 261/261/261 197/197/197 
f 207/207/207 251/251/251 252/252/252 208/208/208 
f 208/208/208 264/264/264 213/828/213 202/202/202 
f 209/209/209 255/255/255 272/272/272 131/131/131 
f 210/210/210 214/214/214 213/828/213 209/209/209 
f 211/211/211 215/215/215 214/214/214 210/210/210 
f 211/211/211 350/350/350 351/351/351 212/212/212 
f 213/828/213 258/258/258 257/257/257 202/202/202 
f 213/828/213 264/264/264 255/255/255 209/209/209 
f 214/214/214 259/259/259 258/258/258 213/828/213 
f 215/215/215 260/260/260 259/259/259 214/214/214 
f 216/216/216 221/221/221 220/220/220 217/217/217 
f 216/216/216 324/324/324 358/358/358 130/130/130 
f 217/217/217 333/333/333 332/332/332 143/143/143 
f 218/218/218 326/326/326 327/327/327 219/219/219 
f 219/219/219 220/220/220 221/221/221 218/218/218 
f 219/219/219 222/222/222 223/223/223 220/220/220 
f 219/219/219 327/327/327 328/328/328 222/222/222 
f 220/220/220 223/223/223 333/333/333 217/217/217 
f 222/222/222 330/330/330 331/331/331 223/223/223 
f 224/224/224 225/225/225 226/226/226 135/135/135 
f 224/224/224 328/328/328 327/327/327 225/225/225 
f 225/225/225 327/327/327 326/326/326 226/226/226 
f 226/226/226 326/326/326 325/325/325 133/133/133 
f 227/227/227 233/233/233 94/94/94 
f 227/227/227 243/243/243 95/95/95 
f 227/227/227 263/263/263 97/97/97 
f 227/227/227 270/270/270 63/63/63 
f 228/826/228 130/130/130 232/232/232 125/125/125 
f 228/228/228 342/342/342 343/343/343 130/806/130 
f 229/229/229 249/249/249 247/247/247 246/246/246 
f 229/229/229 322/322/322 321/321/321 249/249/249 
f 230/230/230 231/231/231 356/356/356 179/179/179 
f 230/230/230 245/245/245 244/244/244 231/231/231 
f 231/231/231 244/244/244 188/188/188 
f 232/232/232 357/357/357 356/356/356 125/125/125 
f 232/232/232 358/358/358 324/324/324 357/357/357 
f 237/237/237 266/266/266 267/267/267 158/158/158 
f 238/238/238 272/272/272 271/271/271 253/253/253 
f 239/239/239 171/171/171 316/316/316 119/119/119 
f 239/239/239 304/304/304 305/305/305 171/171/171 
f 239/239/239 315/315/315 300/300/300 304/304/304 
f 240/240/240 304/304/304 300/300/300 301/301/301 
f 244/244/244 262/262/262 188/188/188 
f 245/245/245 248/248/248 262/262/262 244/244/244 
f 246/246/246 247/247/247 248/248/248 245/245/245 
f 247/247/247 318/318/318 319/319/319 248/248/248 
f 248/248/248 319/319/319 320/320/320 262/262/262 
f 249/249/249 317/317/317 318/318/318 247/247/247 
f 249/249/249 321/321/321 316/316/316 317/317/317 
f 250/250/250 269/269/269 268/268/268 251/251/251 
f 251/251/251 268/268/268 267/267/267 252/252/252 
f 252/252/252 265/265/265 264/264/264 208/208/208 
f 252/252/252 267/267/267 266/266/266 265/265/265 
f 253/253/253 271/271/271 266/266/266 237/237/237 
f 253/253/253 353/353/353 273/273/273 238/238/238 
f 254/254/254 271/271/271 272/272/272 255/255/255 
f 255/255/255 264/264/264 265/265/265 254/254/254 
f 256/256/256 261/261/261 201/201/201 
f 265/265/265 266/266/266 271/271/271 254/254/254 
f 272/272/272 238/238/238 352/352/352 131/131/131 
f 273/273/273 353/353/353 274/274/274 
f 275/275/275 323/323/323 322/322/322 229/229/229 
f 275/275/275 357/357/357 324/324/324 323/323/323 
f 276/276/276 385/385/385 359/359/359 
f 277/817/277 376/819/376 377/377/377 282/825/282 
f 278/789/278 367/367/367 368/368/368 44/785/44 
f 278/789/278 390/390/390 389/389/389 367/367/367 
f 278/278/278 699/699/699 720/720/720 390/829/390 
f 279/279/279 369/369/369 368/368/368 367/367/367 
f 279/279/279 371/371/371 373/373/373 369/369/369 
f 279/279/279 388/388/388 387/387/387 371/371/371 
f 280/821/280 378/378/378 379/379/379 281/822/281 
f 281/824/281 624/624/624 534/534/534 45/760/45 
f 282/825/282 377/377/377 378/378/378 280/821/280 
f 283/283/283 295/295/295 296/296/296 284/284/284 
f 283/832/283 626/626/626 635/635/635 295/779/295 
f 284/284/284 296/296/296 297/297/297 285/285/285 
f 284/284/284 313/313/313 314/314/314 283/283/283 
f 285/285/285 297/297/297 298/298/298 114/114/114 
f 285/285/285 312/312/312 313/313/313 284/284/284 
f 286/734/286 628/628/628 486/486/486 36/36/36 
f 294/743/294 634/634/634 424/424/424 26/26/26 
f 295/779/295 635/635/635 416/416/416 20/20/20 
f 300/300/300 315/315/315 310/310/310 156/156/156 
f 303/740/303 641/641/641 425/425/425 25/741/25 
f 309/778/309 646/646/646 504/504/504 39/752/39 
f 314/726/314 650/650/650 626/626/626 283/832/283 
f 328/328/328 329/329/329 330/330/330 222/222/222 
f 331/331/331 332/332/332 333/333/333 223/223/223 
f 334/334/334 345/810/345 344/808/344 335/335/335 
f 335/335/335 341/341/341 336/336/336 127/127/127 
f 335/335/335 344/808/344 343/343/343 341/341/341 
f 336/336/336 339/339/339 338/338/338 121/121/121 
f 336/336/336 341/341/341 340/340/340 339/339/339 
f 337/805/337 673/673/673 466/466/466 32/32/32 
f 338/338/338 348/348/348 349/349/349 337/337/337 
f 339/339/339 347/347/347 348/348/348 338/338/338 
f 339/339/339 355/355/355 347/347/347 
f 340/340/340 355/355/355 339/339/339 
f 341/341/341 343/343/343 342/342/342 340/340/340 
f 342/342/342 354/354/354 355/355/355 340/340/340 
f 347/347/347 355/355/355 354/354/354 170/170/170 
f 349/754/349 683/683/683 673/673/673 337/805/337 
f 359/359/359 374/374/374 375/375/375 276/276/276 
f 362/362/362 388/388/388 389/389/389 366/366/366 
f 363/833/363 379/379/379 378/378/378 364/364/364 
f 363/363/363 696/696/696 710/710/710 379/830/379 
f 364/364/364 378/378/378 377/377/377 365/365/365 
f 365/365/365 377/377/377 376/819/376 360/360/360 
f 366/366/366 389/389/389 390/390/390 361/361/361 
f 367/367/367 389/389/389 388/388/388 279/279/279 
f 369/369/369 373/373/373 370/820/370 185/185/185 
f 370/820/370 373/373/373 382/382/382 184/814/184 
f 371/371/371 383/383/383 382/382/382 373/373/373 
f 371/371/371 387/387/387 386/386/386 383/383/383 
f 372/372/372 387/387/387 388/388/388 362/362/362 
f 374/374/374 381/381/381 380/380/380 375/375/375 
f 375/375/375 382/382/382 383/383/383 276/276/276 
f 376/376/376 380/380/380 381/381/381 360/834/360 
f 379/830/379 710/710/710 624/831/624 281/823/281 
f 383/383/383 386/386/386 385/385/385 276/276/276 
f 384/384/384 386/386/386 387/387/387 372/372/372 
f 385/385/385 386/386/386 384/384/384 
f 390/829/390 720/720/720 698/698/698 361/835/361 
f 391/391/391 394/394/394 393/393/393 392/392/392 
f 391/391/391 407/407/407 394/394/394 
f 392/392/392 405/405/405 406/406/406 391/391/391 
f 394/394/394 396/396/396 395/395/395 393/393/393 
f 394/394/394 407/407/407 396/396/396 
f 396/396/396 398/398/398 397/397/397 395/395/395 
f 396/396/396 407/407/407 398/398/398 
f 398/398/398 400/400/400 399/399/399 397/397/397 
f 398/398/398 407/407/407 400/400/400 
f 400/400/400 402/402/402 401/401/401 399/399/399 
f 400/400/400 407/407/407 402/402/402 
f 402/402/402 404/404/404 403/403/403 401/401/401 
f 402/402/402 407/407/407 404/404/404 
f 404/404/404 406/406/406 405/405/405 403/403/403 
f 404/404/404 407/407/407 406/406/406 
f 406/406/406 407/407/407 391/391/391 
f 408/408/408 512/512/512 460/460/460 444/444/444 
f 408/408/408 572/572/572 512/512/512 
f 408/408/408 615/615/615 572/572/572 
f 410/410/410 415/415/415 414/414/414 409/409/409 
f 410/410/410 517/517/517 491/491/491 415/415/415 
f 411/411/411 421/421/421 418/418/418 413/413/413 
f 412/412/412 495/495/495 421/421/421 411/411/411 
f 414/414/414 649/649/649 650/650/650 409/409/409 
f 415/415/415 491/491/491 490/490/490 489/489/489 
f 415/415/415 496/496/496 458/458/458 414/414/414 
f 416/416/416 417/417/417 495/495/495 412/412/412 
f 416/416/416 635/635/635 636/636/636 417/417/417 
f 417/417/417 636/636/636 637/637/637 494/494/494 
f 418/418/418 419/419/419 499/499/499 413/413/413 
f 418/418/418 421/421/421 420/420/420 419/419/419 
f 420/420/420 465/465/465 422/422/422 419/419/419 
f 420/420/420 500/500/500 638/638/638 465/465/465 
f 421/421/421 495/495/495 500/500/500 420/420/420 
f 422/422/422 423/423/423 499/499/499 419/419/419 
f 422/422/422 640/640/640 641/641/641 423/423/423 
f 424/424/424 427/427/427 428/428/428 426/426/426 
f 424/424/424 634/634/634 633/633/633 427/427/427 
f 425/425/425 641/641/641 640/640/640 433/433/433 
f 426/748/426 428/759/428 48/48/48 
f 427/427/427 430/430/430 431/431/431 428/428/428 
f 427/427/427 633/633/633 632/632/632 430/430/430 
f 428/759/428 431/836/431 538/538/538 48/48/48 
f 429/429/429 432/432/432 431/431/431 430/430/430 
f 429/681/429 485/485/485 484/484/484 432/761/432 
f 429/681/429 631/631/631 630/630/630 485/485/485 
f 430/430/430 632/632/632 631/680/631 429/429/429 
f 432/762/432 538/538/538 431/836/431 
f 433/433/433 633/633/633 634/634/634 425/425/425 
f 433/433/433 640/640/640 585/585/585 521/521/521 
f 434/434/434 437/437/437 436/436/436 435/435/435 
f 434/434/434 572/572/572 437/437/437 
f 435/435/435 438/438/438 439/439/439 434/434/434 
f 435/435/435 453/453/453 455/455/455 438/438/438 
f 436/436/436 452/452/452 453/453/453 435/435/435 
f 436/436/436 490/490/490 491/491/491 452/452/452 
f 437/437/437 608/608/608 490/490/490 436/436/436 
f 438/438/438 579/579/579 578/578/578 439/439/439 
f 439/439/439 572/572/572 434/434/434 
f 439/439/439 578/578/578 572/572/572 
f 440/440/440 578/578/578 579/579/579 441/441/441 
f 440/440/440 588/588/588 572/572/572 
f 441/441/441 579/579/579 580/580/580 454/454/454 
f 441/441/441 587/587/587 588/588/588 440/440/440 
f 442/442/442 608/608/608 572/572/572 
f 442/442/442 615/615/615 443/443/443 489/489/489 
f 444/444/444 443/443/443 615/615/615 408/408/408 
f 444/444/444 456/456/456 496/496/496 443/443/443 
f 444/444/444 460/460/460 497/497/497 456/456/456 
f 445/445/445 449/449/449 513/513/513 447/447/447 
f 446/446/446 448/448/448 449/449/449 445/445/445 
f 446/446/446 504/504/504 514/514/514 448/448/448 
f 448/448/448 511/511/511 471/471/471 449/449/449 
f 448/448/448 514/514/514 510/510/510 511/511/511 
f 450/450/450 453/453/453 452/452/452 451/451/451 
f 450/450/450 492/492/492 455/455/455 453/453/453 
f 451/451/451 482/482/482 483/483/483 450/450/450 
f 452/452/452 491/491/491 517/517/517 451/451/451 
f 454/454/454 580/580/580 581/581/581 493/493/493 
f 454/454/454 586/586/586 587/587/587 441/441/441 
f 455/455/455 580/580/580 579/579/579 438/438/438 
f 456/456/456 497/497/497 463/463/463 457/457/457 
f 457/457/457 458/458/458 496/496/496 456/456/456 
f 457/457/457 647/647/647 648/648/648 458/458/458 
f 458/458/458 648/648/648 649/649/649 414/414/414 
f 459/459/459 637/637/637 636/636/636 627/627/627 
f 459/459/459 648/648/648 647/647/647 501/501/501 
f 460/460/460 587/587/587 586/586/586 497/497/497 
f 461/461/461 464/464/464 463/463/463 462/462/462 
f 461/461/461 657/657/657 652/652/652 464/464/464 
f 462/462/462 498/498/498 518/518/518 461/461/461 
f 463/463/463 497/497/497 586/586/586 462/462/462 
f 463/463/463 651/651/651 647/647/647 457/457/457 
f 464/464/464 584/584/584 651/651/651 463/463/463 
f 464/464/464 652/652/652 516/516/516 584/584/584 
f 465/465/465 639/639/639 640/640/640 422/422/422 
f 466/466/466 672/672/672 472/472/472 468/468/468 
f 466/466/466 673/673/673 674/674/674 672/672/672 
f 467/467/467 534/534/534 536/536/536 515/515/515 
f 468/468/468 472/472/472 473/473/473 469/469/469 
f 470/470/470 573/573/573 535/535/535 537/537/537 
f 470/470/470 577/577/577 475/475/475 573/573/573 
f 470/470/470 690/690/690 691/691/691 577/577/577 
f 471/471/471 513/513/513 449/449/449 
f 471/471/471 655/655/655 656/656/656 513/513/513 
f 472/472/472 671/671/671 670/670/670 473/473/473 
f 472/472/472 672/672/672 676/676/676 671/671/671 
f 473/473/473 684/684/684 685/685/685 469/469/469 
f 474/474/474 679/679/679 678/678/678 475/558/475 
f 475/475/475 566/566/566 563/563/563 474/727/474 
f 475/558/475 678/678/678 677/677/677 573/545/573 
f 475/475/475 692/692/692 660/660/660 561/561/561 
f 476/476/476 554/554/554 555/555/555 481/481/481 
f 476/476/476 617/617/617 600/600/600 554/554/554 
f 476/476/476 686/686/686 583/583/583 617/617/617 
f 477/477/477 665/665/665 666/666/666 520/520/520 
f 477/477/477 686/686/686 681/725/681 480/480/480 
f 478/478/478 571/571/571 480/480/480 
f 478/478/478 661/661/661 662/662/662 571/571/571 
f 479/479/479 619/619/619 519/519/519 488/488/488 
f 479/479/479 659/659/659 658/658/658 518/518/518 
f 480/480/480 569/569/569 477/477/477 
f 480/480/480 571/571/571 570/570/570 569/569/569 
f 480/480/480 681/725/681 680/794/680 478/478/478 
f 481/481/481 681/725/681 476/476/476 
f 482/482/482 614/614/614 613/613/613 483/483/483 
f 483/483/483 503/503/503 492/492/492 450/450/450 
f 483/483/483 613/613/613 612/612/612 503/503/503 
f 484/809/484 539/539/539 538/538/538 432/762/432 
f 484/809/484 540/540/540 539/539/539 
f 485/485/485 522/522/522 527/791/527 484/484/484 
f 485/485/485 630/630/630 629/629/629 522/522/522 
f 486/486/486 507/507/507 508/508/508 505/505/505 
f 486/486/486 628/628/628 629/629/629 507/507/507 
f 487/487/487 528/528/528 527/791/527 522/522/522 
f 488/488/488 660/660/660 659/659/659 479/479/479 
f 488/488/488 668/668/668 669/669/669 562/562/562 
f 489/489/489 443/443/443 496/496/496 415/415/415 
f 489/489/489 490/490/490 608/608/608 442/442/442 
f 492/492/492 581/581/581 580/580/580 455/455/455 
f 493/493/493 462/462/462 586/586/586 454/454/454 
f 493/493/493 502/502/502 498/498/498 462/462/462 
f 493/493/493 581/581/581 582/582/582 502/502/502 
f 494/494/494 500/500/500 495/495/495 417/417/417 
f 494/494/494 637/637/637 638/638/638 500/500/500 
f 501/501/501 638/638/638 637/637/637 459/459/459 
f 501/501/501 647/647/647 651/651/651 639/639/639 
f 502/502/502 687/687/687 619/619/619 498/498/498 
f 503/503/503 582/582/582 581/581/581 492/492/492 
f 503/503/503 612/612/612 611/611/611 582/582/582 
f 504/504/504 646/646/646 645/645/645 514/514/514 
f 506/506/506 509/509/509 508/508/508 507/507/507 
f 506/506/506 525/525/525 526/526/526 509/509/509 
f 506/506/506 630/630/630 631/631/631 525/525/525 
f 507/507/507 629/629/629 630/630/630 506/506/506 
f 508/508/508 645/645/645 646/646/646 505/505/505 
f 509/509/509 644/644/644 645/645/645 508/508/508 
f 510/510/510 644/644/644 643/643/643 516/516/516 
f 510/510/510 653/653/653 654/654/654 511/511/511 
f 511/511/511 654/654/654 655/655/655 471/471/471 
f 512/512/512 588/588/588 587/587/587 460/460/460 
f 513/513/513 656/656/656 523/523/523 447/447/447 
f 514/514/514 645/645/645 644/644/644 510/510/510 
f 515/515/515 682/682/682 683/683/683 467/467/467 
f 515/515/515 688/688/688 689/689/689 682/682/682 
f 516/516/516 643/643/643 642/642/642 584/584/584 
f 516/516/516 652/652/652 653/653/653 510/510/510 
f 518/518/518 498/498/498 619/619/619 479/479/479 
f 518/518/518 658/658/658 657/657/657 461/461/461 
f 519/519/519 619/619/619 618/618/618 520/520/520 
f 519/519/519 667/667/667 668/668/668 488/488/488 
f 520/520/520 666/666/666 667/667/667 519/519/519 
f 520/520/520 686/686/686 477/477/477 
f 521/521/521 585/585/585 526/526/526 525/525/525 
f 521/521/521 632/632/632 633/633/633 433/433/433 
f 522/522/522 629/629/629 628/628/628 487/487/487 
f 523/523/523 656/656/656 532/532/532 531/531/531 
f 524/524/524 690/690/690 576/576/576 575/575/575 
f 525/525/525 631/680/631 632/632/632 521/521/521 
f 526/526/526 643/643/643 644/644/644 509/509/509 
f 527/527/527 540/540/540 484/809/484 
f 529/529/529 702/702/702 537/537/537 535/535/535 
f 529/213/529 713/713/713 705/705/705 702/827/702 
f 530/788/530 701/701/701 700/700/700 44/784/44 
f 530/788/530 702/827/702 705/705/705 701/701/701 
f 532/532/532 656/656/656 607/607/607 533/533/533 
f 533/533/533 537/537/537 702/702/702 530/530/530 
f 533/533/533 589/589/589 576/576/576 
f 533/533/533 607/607/607 589/589/589 
f 534/534/534 624/624/624 625/625/625 536/536/536 
f 535/535/535 622/622/622 529/529/529 
f 536/536/536 535/795/535 688/688/688 515/515/515 
f 536/536/536 625/625/625 622/812/622 535/795/535 
f 537/537/537 533/533/533 576/576/576 470/470/470 
f 539/539/539 541/541/541 538/538/538 
f 540/540/540 541/541/541 539/539/539 
f 542/542/542 606/606/606 551/551/551 
f 543/543/543 601/601/601 606/606/606 542/542/542 
f 544/544/544 604/604/604 603/603/603 545/770/545 
f 545/770/545 603/603/603 602/602/602 548/548/548 
f 546/546/546 601/601/601 602/602/602 547/547/547 
f 546/546/546 606/606/606 601/601/601 
f 547/547/547 553/553/553 552/552/552 546/546/546 
f 547/547/547 558/753/558 609/609/609 553/553/553 
f 547/547/547 602/602/602 603/603/603 558/753/558 
f 548/548/548 602/602/602 601/601/601 543/543/543 
f 549/549/549 605/605/605 604/604/604 544/544/544 
f 550/550/550 605/605/605 549/549/549 
f 552/552/552 551/551/551 606/606/606 546/546/546 
f 552/552/552 596/596/596 595/595/595 551/551/551 
f 553/553/553 597/597/597 596/596/596 552/552/552 
f 553/553/553 609/609/609 610/610/610 597/597/597 
f 554/554/554 558/753/558 559/559/559 555/555/555 
f 554/554/554 600/600/600 609/609/609 558/753/558 
f 555/555/555 556/556/556 684/684/684 481/481/481 
f 555/555/555 559/559/559 560/560/560 556/556/556 
f 557/557/557 556/556/556 560/560/560 550/550/550 
f 557/557/557 685/685/685 684/684/684 556/556/556 
f 558/753/558 603/603/603 604/604/604 559/559/559 
f 559/559/559 604/604/604 605/605/605 560/560/560 
f 560/560/560 605/605/605 550/550/550 
f 561/561/561 566/566/566 475/475/475 
f 562/562/562 561/561/561 660/660/660 488/488/488 
f 562/562/562 565/565/565 566/566/566 561/561/561 
f 562/562/562 669/669/669 568/568/568 565/565/565 
f 563/563/563 566/566/566 565/565/565 564/564/564 
f 563/563/563 662/662/662 661/661/661 474/727/474 
f 564/564/564 663/663/663 662/662/662 563/563/563 
f 565/565/565 568/568/568 567/567/567 564/564/564 
f 567/567/567 664/664/664 663/663/663 564/564/564 
f 567/567/567 666/666/666 665/665/665 664/664/664 
f 568/568/568 667/667/667 666/666/666 567/567/567 
f 568/568/568 669/669/669 668/668/668 667/667/667 
f 569/569/569 664/664/664 665/665/665 477/477/477 
f 570/570/570 663/663/663 664/664/664 569/569/569 
f 571/571/571 662/662/662 663/663/663 570/570/570 
f 572/572/572 578/578/578 440/440/440 
f 572/572/572 588/588/588 512/512/512 
f 572/572/572 608/608/608 437/437/437 
f 572/572/572 615/615/615 442/442/442 
f 573/545/573 677/677/677 688/688/688 535/795/535 
f 574/574/574 658/658/658 659/659/659 620/620/620 
f 575/575/575 590/590/590 591/591/591 524/524/524 
f 576/576/576 589/589/589 590/590/590 575/575/575 
f 576/576/576 690/690/690 470/470/470 
f 577/577/577 692/692/692 475/475/475 
f 582/582/582 598/598/598 687/687/687 502/502/502 
f 582/582/582 611/611/611 616/616/616 598/598/598 
f 583/583/583 618/618/618 687/687/687 598/598/598 
f 585/585/585 642/642/642 643/643/643 526/526/526 
f 589/589/589 607/607/607 593/593/593 590/590/590 
f 590/590/590 593/593/593 592/592/592 591/591/591 
f 591/591/591 574/574/574 620/620/620 524/524/524 
f 591/591/591 592/592/592 594/594/594 574/574/574 
f 592/592/592 654/654/654 653/653/653 594/594/594 
f 593/593/593 655/655/655 654/654/654 592/592/592 
f 594/594/594 657/657/657 658/658/658 574/574/574 
f 596/596/596 613/613/613 614/614/614 595/595/595 
f 597/597/597 612/612/612 613/613/613 596/596/596 
f 598/598/598 616/616/616 617/617/617 583/583/583 
f 599/599/599 610/610/610 609/609/609 600/600/600 
f 599/599/599 616/616/616 611/611/611 610/610/610 
f 600/600/600 617/617/617 616/616/616 599/599/599 
f 607/607/607 656/656/656 655/655/655 593/593/593 
f 610/610/610 611/611/611 612/612/612 597/597/597 
f 618/618/618 583/583/583 686/686/686 520/520/520 
f 619/619/619 687/687/687 618/618/618 
f 620/620/620 691/691/691 690/690/690 524/524/524 
f 621/621/621 707/707/707 706/706/706 693/693/693 
f 621/621/621 714/714/714 713/713/713 707/707/707 
f 621/621/621 716/716/716 717/717/717 714/714/714 
f 622/811/622 708/708/708 711/711/711 529/213/529 
f 623/623/623 719/719/719 720/720/720 699/699/699 
f 624/831/624 710/710/710 709/709/709 625/813/625 
f 625/813/625 709/709/709 708/345/708 622/796/622 
f 626/626/626 650/650/650 649/649/649 627/627/627 
f 627/627/627 636/636/636 635/635/635 626/626/626 
f 627/627/627 649/649/649 648/648/648 459/459/459 
f 638/638/638 501/501/501 639/639/639 465/465/465 
f 640/640/640 639/639/639 642/642/642 585/585/585 
f 642/642/642 639/639/639 651/651/651 584/584/584 
f 653/653/653 652/652/652 657/657/657 594/594/594 
f 659/659/659 660/660/660 691/691/691 620/620/620 
f 661/661/661 478/478/478 680/794/680 679/679/679 474/727/474 
f 670/670/670 481/481/481 684/684/684 473/473/473 
f 670/670/670 680/794/680 681/725/681 481/481/481 
f 671/671/671 679/679/679 680/794/680 670/670/670 
f 673/673/673 683/683/683 682/682/682 674/674/674 
f 674/674/674 675/675/675 676/676/676 672/672/672 
f 674/674/674 689/689/689 675/675/675 
f 675/675/675 677/677/677 678/678/678 676/676/676 
f 675/675/675 689/689/689 688/688/688 677/677/677 
f 676/676/676 678/678/678 679/679/679 671/671/671 
f 681/725/681 686/686/686 476/476/476 
f 682/682/682 689/689/689 674/674/674 
f 691/691/691 660/660/660 692/692/692 577/577/577 
f 693/693/693 716/716/716 621/621/621 
f 694/344/694 708/345/708 709/709/709 697/697/697 
f 694/694/694 712/712/712 711/711/711 708/708/708 
f 695/695/695 719/719/719 718/718/718 704/704/704 
f 697/697/697 709/709/709 710/710/710 696/696/696 
f 698/698/698 720/720/720 719/719/719 695/695/695 
f 699/699/699 700/700/700 701/701/701 623/623/623 
f 701/701/701 705/705/705 703/703/703 623/623/623 
f 703/703/703 718/718/718 719/719/719 623/623/623 
f 704/704/704 718/718/718 717/717/717 715/715/715 
f 705/705/705 713/713/713 714/714/714 703/703/703 
f 707/707/707 711/711/711 712/712/712 706/706/706 
f 711/711/711 707/707/707 713/713/713 529/213/529 
f 714/714/714 717/717/717 718/718/718 703/703/703 
f 715/715/715 717/717/717 716/716/716 
#end 744 faces

#ZOMPROPERTIES_04{
#ZOMPROPERTIES_04 table {Mesh table {SymPlane table {Point vector3d 0 0 0 Normal vector3d 1 0 0 Threshold double 0.01 
#ZOMPROPERTIES_04 Enabled bool false EdgeID int -1 SymEdgeID int -1 UPos double 0.5 LocalMode bool false } RootGroup C
#ZOMPROPERTIES_04 SubMeshGroup {Children table {Tile_0_0 CSubMeshGroup {Children table {} BBoxUV box3d 0 0 0 0 0 0 BBo
#ZOMPROPERTIES_04 x3D box3d 0 0 0 0 0 0 Area3D double 0 AreaUV double 0 IsRoot bool false Properties table {Selected b
#ZOMPROPERTIES_04 ool false Box box3d 0 1 0 1 0 1 U int 0 V int 0 NU int 0 NV int 0 Pack table {BoxFrameEdit bool fals
#ZOMPROPERTIES_04 e Behavior string "Free" Locked bool false Scaling table {Optimization string "Fill" } } Hotspot tab
#ZOMPROPERTIES_04 le {} } IsTile bool true PolyIDs ints { 0 13 15 14 12 10 7 5 3 2 4 6 9 8 11 1 433 435 448 447 445 44
#ZOMPROPERTIES_04 3 441 439 437 438 436 440 442 444 446 434 66 279 225 294 295 293 84 79 78 77 139 141 81 35 472 475 8
#ZOMPROPERTIES_04 0 627 628 85 83 613 82 562 561 480 415 428 706 707 730 733 373 382 380 414 416 417 71 376 705 734 43
#ZOMPROPERTIES_04 2 732 738 743 703 702 701 740 731 704 741 615 739 742 737 736 735 616 617 729 69 420 378 422 426 282
#ZOMPROPERTIES_04  425 427 281 412 372 429 431 430 424 413 418 375 374 419 377 379 423 421 16 18 111 117 177 160 120 2
#ZOMPROPERTIES_04 32 110 335 159 334 158 148 172 233 171 62 50 168 223 358 108 106 100 88 86 297 303 299 90 94 92 96 9
#ZOMPROPERTIES_04 8 102 48 46 196 399 402 407 406 405 195 261 291 287 289 262 290 337 408 208 400 398 206 205 204 207 
#ZOMPROPERTIES_04 319 230 320 344 209 336 292 288 284 199 342 351 286 283 68 75 73 64 164 259 355 354 201 166 167 162 
#ZOMPROPERTIES_04 163 40 38 36 244 60 246 250 248 251 276 269 143 131 134 130 31 34 133 135 138 142 270 136 137 132 29
#ZOMPROPERTIES_04  28 56 26 115 113 24 22 121 383 386 19 388 112 183 118 181 180 392 240 182 193 192 127 122 236 387 1
#ZOMPROPERTIES_04 23 239 114 125 128 350 349 190 347 191 186 264 370 371 275 340 273 341 353 338 339 274 200 343 216 1
#ZOMPROPERTIES_04 85 188 241 235 174 156 155 157 237 189 179 178 161 184 258 333 154 332 153 152 151 173 170 147 176 1
#ZOMPROPERTIES_04 44 146 149 145 175 187 234 169 345 362 367 361 359 309 300 302 366 296 310 315 317 318 298 306 313 3
#ZOMPROPERTIES_04 05 314 222 203 198 202 221 215 218 331 330 322 325 329 213 396 327 397 321 326 231 265 266 369 238 3
#ZOMPROPERTIES_04 63 242 346 364 311 316 365 220 312 368 211 219 214 267 268 229 324 323 212 328 210 360 301 307 243 2
#ZOMPROPERTIES_04 17 357 356 254 256 263 253 255 165 252 348 278 126 124 116 385 129 277 247 249 227 54 228 271 224 14
#ZOMPROPERTIES_04 0 226 272 53 59 245 260 352 285 280 409 42 410 43 404 194 401 197 304 308 104 150 257 119 17 452 453
#ZOMPROPERTIES_04  510 51 105 109 558 560 582 697 694 680 679 575 581 572 511 495 513 486 508 559 507 487 488 489 671 
#ZOMPROPERTIES_04 497 672 498 570 500 515 458 517 710 518 709 384 395 20 456 391 21 459 576 466 465 577 464 463 454 45
#ZOMPROPERTIES_04 5 25 23 27 57 467 30 468 471 482 607 474 473 469 33 390 470 481 32 393 476 479 611 606 585 612 590 5
#ZOMPROPERTIES_04 95 583 588 589 584 587 586 478 477 563 564 608 566 565 52 61 394 58 37 39 502 503 505 536 537 594 60
#ZOMPROPERTIES_04 9 618 70 619 614 623 533 626 677 535 534 678 544 655 568 715 674 553 601 689 686 687 591 688 696 683
#ZOMPROPERTIES_04  676 620 675 610 700 685 684 714 522 521 523 600 552 602 698 605 548 604 664 665 603 569 657 656 658
#ZOMPROPERTIES_04  661 662 660 659 542 716 556 718 557 545 645 648 649 650 540 49 47 45 403 530 720 727 597 724 673 54
#ZOMPROPERTIES_04 3 723 721 539 529 538 719 532 717 725 541 624 625 622 381 72 44 531 596 722 411 103 99 97 93 631 651
#ZOMPROPERTIES_04  652 639 632 638 630 634 641 629 89 87 101 642 690 107 643 691 644 636 635 633 637 95 91 640 653 647
#ZOMPROPERTIES_04  646 693 546 695 547 692 681 726 549 554 555 667 666 668 550 551 663 699 580 574 573 524 520 512 496
#ZOMPROPERTIES_04  494 669 492 491 485 483 490 493 670 593 449 499 501 514 450 525 516 579 711 528 712 713 526 527 598
#ZOMPROPERTIES_04  519 578 599 654 728 76 74 65 41 621 592 506 504 389 55 67 567 682 462 461 460 708 571 457 451 484 5
#ZOMPROPERTIES_04 09 63 } } } BBoxUV box3d 0 0 0 0 0 0 BBox3D box3d 0 0 0 0 0 0 Area3D double 0 AreaUV double 0 IsRoot
#ZOMPROPERTIES_04  bool true Properties table {Selected bool false Box box3d 0 1 0 1 0 1 U int 0 V int 0 NU int 1 NV i
#ZOMPROPERTIES_04 nt 1 Pack table {Rotate table {Initial string "Automatic" Min double 0 Max double 90 Step double 0 }
#ZOMPROPERTIES_04  ResolutionDivisor int 0 MapResolution int 2048 UsePixelUnit bool true PaddingSize double 0.0078125 
#ZOMPROPERTIES_04 MarginSize double 0.00390625 PaddingSizePx int 16 MarginSizePx int 8 Scaling table {TexelDensity dou
#ZOMPROPERTIES_04 ble 1024 Mode int 2 Optimization string "Fill" } MaxMutations int 1 Strategy string "Efficient" Side
#ZOMPROPERTIES_04 s string "Closed" } Hotspot table {} Tiling vector3d 1 1 1 TileRatioMode string "1:1" } IsTile bool 
#ZOMPROPERTIES_04 false PolyIDs ints { } } Maps table {Pin CDataMap {PrimType string "Vertex" Size int 1 DefaultValue 
#ZOMPROPERTIES_04 double 0 ScaleType string "Normalized" MergeMode string "Max" MinValue double 0 MaxValue double 1 Da
#ZOMPROPERTIES_04 ta doubles { r 836 0 } } Density CDataMap {PrimType string "Polygon" Size int 1 DefaultValue double 
#ZOMPROPERTIES_04 1 ScaleType string "Log" MergeMode string "Average" MinValue double 0.1 MaxValue double 4 Data doubl
#ZOMPROPERTIES_04 es { r 744 1 } } Protect CDataMap {PrimType string "Vertex" Size int 1 DefaultValue double 0 ScaleTy
#ZOMPROPERTIES_04 pe string "Normalized" MergeMode string "Average" MinValue double -1 MaxValue double 1 Data doubles 
#ZOMPROPERTIES_04 { r 836 0 } } } } }
#ZOMPROPERTIES_04}


#ZOMSCENE_01{
#ZOMSCENE_01 CScene {Settings table {AxisSystem table {UpVector string "y" } Unit string "cm" TexelDensityDisplay
#ZOMSCENE_01 Unit string "tx/cm" } Root CXForm {} }
#ZOMSCENE_01}

#begin 0 fatal error vertex (that RizomUV cannot handle)
#end 0 fatal error vertex (that RizomUV cannot handle)

#begin 0 error vertex
#end 0 error vertex
